year,league_id,draft_id,overall_pick,round,draft_slot,player_id,player_name,position,roster_id,owner_name,unique_id
2025,XXXXXXXXXXXX,XXXXXXXXXXXX,1,1,1,7564,Ja'Marr Chase,WR,4,owner1,XXXXXXXXXXXX
2025,XXXXXXXXXXXX,XXXXXXXXXXXX,2,1,2,4866,Saquon Barkley,RB,11,owner2,XXXXXXXXXXXX
2025,XXXXXXXXXXXX,XXXXXXXXXXXX,3,1,3,9509,Bijan Robinson,RB,1,owner3,XXXXXXXXXXXX
2025,XXXXXXXXXXXX,XXXXXXXXXXXX,4,1,4,6794,Justin Jefferson,WR,12,owner4,XXXXXXXXXXXX
2025,XXXXXXXXXXXX,XXXXXXXXXXXX,5,1,5,9221,Jahmyr Gibbs,RB,7,owner5,XXXXXXXXXXXX
2025,XXXXXXXXXXXX,XXXXXXXXXXXX,6,1,6,6786,CeeDee Lamb,WR,10,owner6,XXXXXXXXXXXX
2025,XXXXXXXXXXXX,XXXXXXXXXXXX,7,1,7,9493,Puka Nacua,WR,6,owner7,XXXXXXXXXXXX
2025,XXXXXXXXXXXX,XXXXXXXXXXXX,8,1,8,3198,Derrick Henry,RB,2,owner8,XXXXXXXXXXXX
2025,XXXXXXXXXXXX,XXXXXXXXXXXX,9,1,9,4034,Christian McCaffrey,RB,8,owner9,XXXXXXXXXXXX
2025,XXXXXXXXXXXX,XXXXXXXXXXXX,10,1,10,7547,Amon-Ra St. Brown,WR,3,owner10,XXXXXXXXXXXX
2025,XXXXXXXXXXXX,XXXXXXXXXXXX,11,1,11,9226,De'Von Achane,RB,9,owner11,XXXXXXXXXXXX
2025,XXXXXXXXXXXX,XXXXXXXXXXXX,12,1,12,12527,Ashton Jeanty,RB,5,owner12,XXXXXXXXXXXX
2025,XXXXXXXXXXXX,XXXXXXXXXXXX,13,2,12,11631,Brian Thomas,WR,5,owner12,XXXXXXXXXXXX
2025,XXXXXXXXXXXX,XXXXXXXXXXXX,14,2,11,7569,Nico Collins,WR,9,owner11,XXXXXXXXXXXX
2025,XXXXXXXXXXXX,XXXXXXXXXXXX,15,2,10,5850,Josh Jacobs,RB,3,owner10,XXXXXXXXXXXX
2025,XXXXXXXXXXXX,XXXXXXXXXXXX,16,2,9,8112,Drake London,WR,8,owner9,XXXXXXXXXXXX
2025,XXXXXXXXXXXX,XXXXXXXXXXXX,17,2,8,11632,Malik Nabers,WR,2,owner8,XXXXXXXXXXXX
2025,XXXXXXXXXXXX,XXXXXXXXXXXX,18,2,7,6813,Jonathan Taylor,RB,6,owner7,XXXXXXXXXXXX
2025,XXXXXXXXXXXX,XXXXXXXXXXXX,19,2,6,11604,Brock Bowers,TE,10,owner6,XXXXXXXXXXXX
2025,XXXXXXXXXXXX,XXXXXXXXXXXX,20,2,5,11584,Bucky Irving,RB,7,owner5,XXXXXXXXXXXX
2025,XXXXXXXXXXXX,XXXXXXXXXXXX,21,2,4,5859,A.J. Brown,WR,12,owner4,XXXXXXXXXXXX
2025,XXXXXXXXXXXX,XXXXXXXXXXXX,22,2,3,3321,Tyreek Hill,WR,1,owner3,XXXXXXXXXXXX
2025,XXXXXXXXXXXX,XXXXXXXXXXXX,23,2,2,11635,Ladd McConkey,WR,11,owner2,XXXXXXXXXXXX
2025,XXXXXXXXXXXX,XXXXXXXXXXXX,24,2,1,8130,Trey McBride,TE,4,owner1,XXXXXXXXXXXX
2025,XXXXXXXXXXXX,XXXXXXXXXXXX,25,3,1,8150,Kyren Williams,RB,4,owner1,XXXXXXXXXXXX
2025,XXXXXXXXXXXX,XXXXXXXXXXXX,26,3,2,9224,Chase Brown,RB,11,owner2,XXXXXXXXXXXX
2025,XXXXXXXXXXXX,XXXXXXXXXXXX,27,3,3,4881,Lamar Jackson,QB,1,owner3,XXXXXXXXXXXX
2025,XXXXXXXXXXXX,XXXXXXXXXXXX,28,3,4,4984,Josh Allen,QB,12,owner4,XXXXXXXXXXXX
2025,XXXXXXXXXXXX,XXXXXXXXXXXX,29,3,5,11566,Jayden Daniels,QB,7,owner5,XXXXXXXXXXXX
2025,XXXXXXXXXXXX,XXXXXXXXXXXX,30,3,6,8155,Breece Hall,RB,10,owner6,XXXXXXXXXXXX
2025,XXXXXXXXXXXX,XXXXXXXXXXXX,31,3,7,11628,Marvin Harrison,WR,6,owner7,XXXXXXXXXXXX
2025,XXXXXXXXXXXX,XXXXXXXXXXXX,32,3,8,4035,Alvin Kamara,RB,2,owner8,XXXXXXXXXXXX
2025,XXXXXXXXXXXX,XXXXXXXXXXXX,33,3,9,6801,Tee Higgins,WR,8,owner9,XXXXXXXXXXXX
2025,XXXXXXXXXXXX,XXXXXXXXXXXX,34,3,10,8146,Garrett Wilson,WR,3,owner10,XXXXXXXXXXXX
2025,XXXXXXXXXXXX,XXXXXXXXXXXX,35,3,11,9488,Jaxon Smith-Njigba,WR,9,owner11,XXXXXXXXXXXX
2025,XXXXXXXXXXXX,XXXXXXXXXXXX,36,3,12,8138,James Cook,RB,5,owner12,XXXXXXXXXXXX
2025,XXXXXXXXXXXX,XXXXXXXXXXXX,37,4,12,6770,Joe Burrow,QB,5,owner12,XXXXXXXXXXXX
2025,XXXXXXXXXXXX,XXXXXXXXXXXX,38,4,11,2216,Mike Evans,WR,9,owner11,XXXXXXXXXXXX
2025,XXXXXXXXXXXX,XXXXXXXXXXXX,39,4,10,12507,Omarion Hampton,RB,3,owner10,XXXXXXXXXXXX
2025,XXXXXXXXXXXX,XXXXXXXXXXXX,40,4,9,10859,Sam LaPorta,TE,8,owner9,XXXXXXXXXXXX
2025,XXXXXXXXXXXX,XXXXXXXXXXXX,41,4,8,2133,Davante Adams,WR,2,owner8,XXXXXXXXXXXX
2025,XXXXXXXXXXXX,XXXXXXXXXXXX,42,4,7,4046,Patrick Mahomes,QB,6,owner7,XXXXXXXXXXXX
2025,XXXXXXXXXXXX,XXXXXXXXXXXX,43,4,6,6904,Jalen Hurts,QB,10,owner6,XXXXXXXXXXXX
2025,XXXXXXXXXXXX,XXXXXXXXXXXX,44,4,5,5927,Terry McLaurin,WR,7,owner5,XXXXXXXXXXXX
2025,XXXXXXXXXXXX,XXXXXXXXXXXX,45,4,4,8151,Kenneth Walker,RB,12,owner4,XXXXXXXXXXXX
2025,XXXXXXXXXXXX,XXXXXXXXXXXX,46,4,3,4983,DJ Moore,WR,1,owner3,XXXXXXXXXXXX
2025,XXXXXXXXXXXX,XXXXXXXXXXXX,47,4,2,9997,Zay Flowers,WR,11,owner2,XXXXXXXXXXXX
2025,XXXXXXXXXXXX,XXXXXXXXXXXX,48,4,1,4892,Baker Mayfield,QB,4,owner1,XXXXXXXXXXXX
2025,XXXXXXXXXXXX,XXXXXXXXXXXX,49,5,1,4137,James Conner,RB,4,owner1,XXXXXXXXXXXX
2025,XXXXXXXXXXXX,XXXXXXXXXXXX,50,5,2,4217,George Kittle,TE,11,owner2,XXXXXXXXXXXX
2025,XXXXXXXXXXXX,XXXXXXXXXXXX,51,5,3,5045,Courtland Sutton,WR,1,owner3,XXXXXXXXXXXX
2025,XXXXXXXXXXXX,XXXXXXXXXXXX,52,5,4,5844,T.J. Hockenson,TE,12,owner4,XXXXXXXXXXXX
2025,XXXXXXXXXXXX,XXXXXXXXXXXX,53,5,5,5846,DK Metcalf,WR,7,owner5,XXXXXXXXXXXX
2025,XXXXXXXXXXXX,XXXXXXXXXXXX,54,5,6,7594,Chuba Hubbard,RB,10,owner6,XXXXXXXXXXXX
2025,XXXXXXXXXXXX,XXXXXXXXXXXX,55,5,7,8205,Isiah Pacheco,RB,6,owner7,XXXXXXXXXXXX
2025,XXXXXXXXXXXX,XXXXXXXXXXXX,56,5,8,7525,DeVonta Smith,WR,2,owner8,XXXXXXXXXXXX
2025,XXXXXXXXXXXX,XXXXXXXXXXXX,57,5,9,11563,Bo Nix,QB,8,owner9,XXXXXXXXXXXX
2025,XXXXXXXXXXXX,XXXXXXXXXXXX,58,5,10,3163,Jared Goff,QB,3,owner10,XXXXXXXXXXXX
2025,XXXXXXXXXXXX,XXXXXXXXXXXX,59,5,11,5892,David Montgomery,RB,9,owner11,XXXXXXXXXXXX
2025,XXXXXXXXXXXX,XXXXXXXXXXXX,60,5,12,12526,Tetairoa McMillan,WR,5,owner12,XXXXXXXXXXXX
2025,XXXXXXXXXXXX,XXXXXXXXXXXX,61,6,12,12529,TreVeyon Henderson,RB,5,owner12,XXXXXXXXXXXX
2025,XXXXXXXXXXXX,XXXXXXXXXXXX,62,6,11,12489,RJ Harvey,RB,9,owner11,XXXXXXXXXXXX
2025,XXXXXXXXXXXX,XXXXXXXXXXXX,63,6,10,12530,Travis Hunter,WR,3,owner10,XXXXXXXXXXXX
2025,XXXXXXXXXXXX,XXXXXXXXXXXX,64,6,9,6790,D'Andre Swift,RB,8,owner9,XXXXXXXXXXXX
2025,XXXXXXXXXXXX,XXXXXXXXXXXX,65,6,8,4199,Aaron Jones,RB,2,owner8,XXXXXXXXXXXX
2025,XXXXXXXXXXXX,XXXXXXXXXXXX,66,6,7,5012,Mark Andrews,TE,6,owner7,XXXXXXXXXXXX
2025,XXXXXXXXXXXX,XXXXXXXXXXXX,67,6,6,4018,Joe Mixon,RB,10,owner6,XXXXXXXXXXXX
2025,XXXXXXXXXXXX,XXXXXXXXXXXX,68,6,5,8144,Chris Olave,WR,7,owner5,XXXXXXXXXXXX
2025,XXXXXXXXXXXX,XXXXXXXXXXXX,69,6,4,10229,Rashee Rice,WR,12,owner4,XXXXXXXXXXXX
2025,XXXXXXXXXXXX,XXXXXXXXXXXX,70,6,3,8148,Jameson Williams,WR,1,owner3,XXXXXXXXXXXX
2025,XXXXXXXXXXXX,XXXXXXXXXXXX,71,6,2,11624,Xavier Worthy,WR,11,owner2,XXXXXXXXXXXX
2025,XXXXXXXXXXXX,XXXXXXXXXXXX,72,6,1,5967,Tony Pollard,RB,4,owner1,XXXXXXXXXXXX
2025,XXXXXXXXXXXX,XXXXXXXXXXXX,73,7,1,12504,Kaleb Johnson,RB,4,owner1,XXXXXXXXXXXX
2025,XXXXXXXXXXXX,XXXXXXXXXXXX,74,7,2,8137,George Pickens,WR,11,owner2,XXXXXXXXXXXX
2025,XXXXXXXXXXXX,XXXXXXXXXXXX,75,7,3,6783,Jerry Jeudy,WR,1,owner3,XXXXXXXXXXXX
2025,XXXXXXXXXXXX,XXXXXXXXXXXX,76,7,4,12512,Quinshon Judkins,RB,12,owner4,XXXXXXXXXXXX
2025,XXXXXXXXXXXX,XXXXXXXXXXXX,77,7,5,9756,Jordan Addison,WR,7,owner5,XXXXXXXXXXXX
2025,XXXXXXXXXXXX,XXXXXXXXXXXX,78,7,6,4981,Calvin Ridley,WR,10,owner6,XXXXXXXXXXXX
2025,XXXXXXXXXXXX,XXXXXXXXXXXX,79,7,7,12481,Cam Skattebo,RB,6,owner7,XXXXXXXXXXXX
2025,XXXXXXXXXXXX,XXXXXXXXXXXX,80,7,8,7526,Jaylen Waddle,WR,2,owner8,XXXXXXXXXXXX
2025,XXXXXXXXXXXX,XXXXXXXXXXXX,81,7,9,5947,Jakobi Meyers,WR,8,owner9,XXXXXXXXXXXX
2025,XXXXXXXXXXXX,XXXXXXXXXXXX,82,7,10,1466,Travis Kelce,TE,3,owner10,XXXXXXXXXXXX
2025,XXXXXXXXXXXX,XXXXXXXXXXXX,83,7,11,5872,Deebo Samuel,WR,9,owner11,XXXXXXXXXXXX
2025,XXXXXXXXXXXX,XXXXXXXXXXXX,84,7,12,8134,Khalil Shakir,WR,5,owner12,XXXXXXXXXXXX
2025,XXXXXXXXXXXX,XXXXXXXXXXXX,85,8,12,4066,Evan Engram,TE,5,owner12,XXXXXXXXXXXX
2025,XXXXXXXXXXXX,XXXXXXXXXXXX,86,8,11,4039,Cooper Kupp,WR,9,owner11,XXXXXXXXXXXX
2025,XXXXXXXXXXXX,XXXXXXXXXXXX,87,8,10,2449,Stefon Diggs,WR,3,owner10,XXXXXXXXXXXX
2025,XXXXXXXXXXXX,XXXXXXXXXXXX,88,8,9,8154,Brian Robinson,RB,8,owner9,XXXXXXXXXXXX
2025,XXXXXXXXXXXX,XXXXXXXXXXXX,89,8,8,11620,Rome Odunze,WR,2,owner8,XXXXXXXXXXXX
2025,XXXXXXXXXXXX,XXXXXXXXXXXX,90,8,7,12501,Matthew Golden,WR,6,owner7,XXXXXXXXXXXX
2025,XXXXXXXXXXXX,XXXXXXXXXXXX,91,8,6,8228,Jaylen Warren,RB,10,owner6,XXXXXXXXXXXX
2025,XXXXXXXXXXXX,XXXXXXXXXXXX,92,8,5,4033,David Njoku,TE,7,owner5,XXXXXXXXXXXX
2025,XXXXXXXXXXXX,XXXXXXXXXXXX,93,8,4,7543,Travis Etienne,RB,12,owner4,XXXXXXXXXXXX
2025,XXXXXXXXXXXX,XXXXXXXXXXXX,94,8,3,11655,Tyrone Tracy,RB,1,owner3,XXXXXXXXXXXX
2025,XXXXXXXXXXXX,XXXXXXXXXXXX,95,8,2,7588,Javonte Williams,RB,11,owner2,XXXXXXXXXXXX
2025,XXXXXXXXXXXX,XXXXXXXXXXXX,96,8,1,11638,Ricky Pearsall,WR,4,owner1,XXXXXXXXXXXX
2025,XXXXXXXXXXXX,XXXXXXXXXXXX,97,9,1,4037,Chris Godwin,WR,4,owner1,XXXXXXXXXXXX
2025,XXXXXXXXXXXX,XXXXXXXXXXXX,98,9,2,5849,Kyler Murray,QB,11,owner2,XXXXXXXXXXXX
2025,XXXXXXXXXXXX,XXXXXXXXXXXX,99,9,3,4144,Jonnu Smith,TE,1,owner3,XXXXXXXXXXXX
2025,XXXXXXXXXXXX,XXXXXXXXXXXX,100,9,4,6797,Justin Herbert,QB,12,owner4,XXXXXXXXXXXX
2025,XXXXXXXXXXXX,XXXXXXXXXXXX,101,9,5,7528,Najee Harris,RB,7,owner5,XXXXXXXXXXXX
2025,XXXXXXXXXXXX,XXXXXXXXXXXX,102,9,6,7049,Jauan Jennings,WR,10,owner6,XXXXXXXXXXXX
2025,XXXXXXXXXXXX,XXXXXXXXXXXX,103,9,7,3294,Dak Prescott,QB,6,owner7,XXXXXXXXXXXX
2025,XXXXXXXXXXXX,XXXXXXXXXXXX,104,9,8,8183,Brock Purdy,QB,2,owner8,XXXXXXXXXXXX
2025,XXXXXXXXXXXX,XXXXXXXXXXXX,105,9,9,12518,Tyler Warren,TE,8,owner9,XXXXXXXXXXXX
2025,XXXXXXXXXXXX,XXXXXXXXXXXX,106,9,10,12514,Emeka Egbuka,WR,3,owner10,XXXXXXXXXXXX
2025,XXXXXXXXXXXX,XXXXXXXXXXXX,107,9,11,6806,J.K. Dobbins,RB,9,owner11,XXXXXXXXXXXX
2025,XXXXXXXXXXXX,XXXXXXXXXXXX,108,9,12,12484,Jayden Higgins,WR,5,owner12,XXXXXXXXXXXX
2025,XXXXXXXXXXXX,XXXXXXXXXXXX,109,10,12,12509,Tre' Harris,WR,5,owner12,XXXXXXXXXXXX
2025,XXXXXXXXXXXX,XXXXXXXXXXXX,110,10,11,9500,Josh Downs,WR,9,owner11,XXXXXXXXXXXX
2025,XXXXXXXXXXXX,XXXXXXXXXXXX,111,10,10,7611,Rhamondre Stevenson,RB,3,owner10,XXXXXXXXXXXX
2025,XXXXXXXXXXXX,XXXXXXXXXXXX,112,10,9,9753,Zach Charbonnet,RB,8,owner9,XXXXXXXXXXXX
2025,XXXXXXXXXXXX,XXXXXXXXXXXX,113,10,8,12517,Colston Loveland,TE,2,owner8,XXXXXXXXXXXX
2025,XXXXXXXXXXXX,XXXXXXXXXXXX,114,10,7,12457,Jaydon Blue,RB,6,owner7,XXXXXXXXXXXX
2025,XXXXXXXXXXXX,XXXXXXXXXXXX,115,10,6,10236,Dalton Kincaid,TE,10,owner6,XXXXXXXXXXXX
2025,XXXXXXXXXXXX,XXXXXXXXXXXX,116,10,5,8408,Jordan Mason,RB,7,owner5,XXXXXXXXXXXX
2025,XXXXXXXXXXXX,XXXXXXXXXXXX,117,10,4,8136,Rachaad White,RB,12,owner4,XXXXXXXXXXXX
2025,XXXXXXXXXXXX,XXXXXXXXXXXX,118,10,3,9225,Tank Bigsby,RB,1,owner3,XXXXXXXXXXXX
2025,XXXXXXXXXXXX,XXXXXXXXXXXX,119,10,2,10222,Jayden Reed,WR,11,owner2,XXXXXXXXXXXX
2025,XXXXXXXXXXXX,XXXXXXXXXXXX,120,10,1,9484,Tucker Kraft,TE,4,owner1,XXXXXXXXXXXX
2025,XXXXXXXXXXXX,XXXXXXXXXXXX,121,11,1,8132,Tyler Allgeier,RB,4,owner1,XXXXXXXXXXXX
2025,XXXXXXXXXXXX,XXXXXXXXXXXX,122,11,2,4988,Nick Chubb,RB,11,owner2,XXXXXXXXXXXX
2025,XXXXXXXXXXXX,XXXXXXXXXXXX,123,11,3,9508,Tyjae Spears,RB,1,owner3,XXXXXXXXXXXX
2025,XXXXXXXXXXXX,XXXXXXXXXXXX,124,11,4,8676,Rashid Shaheed,WR,12,owner4,XXXXXXXXXXXX
2025,XXXXXXXXXXXX,XXXXXXXXXXXX,125,11,5,7090,Darnell Mooney,WR,7,owner5,XXXXXXXXXXXX
2025,XXXXXXXXXXXX,XXXXXXXXXXXX,126,11,6,6803,Brandon Aiyuk,WR,10,owner6,XXXXXXXXXXXX
2025,XXXXXXXXXXXX,XXXXXXXXXXXX,127,11,7,6819,Michael Pittman,WR,6,owner7,XXXXXXXXXXXX
2025,XXXXXXXXXXXX,XXXXXXXXXXXX,128,11,8,4663,Austin Ekeler,RB,2,owner8,XXXXXXXXXXXX
2025,XXXXXXXXXXXX,XXXXXXXXXXXX,129,11,9,11637,Keon Coleman,WR,8,owner9,XXXXXXXXXXXX
2025,XXXXXXXXXXXX,XXXXXXXXXXXX,130,11,10,12483,Jack Bech,WR,3,owner10,XXXXXXXXXXXX
2025,XXXXXXXXXXXX,XXXXXXXXXXXX,131,11,11,9758,C.J. Stroud,QB,9,owner11,XXXXXXXXXXXX
2025,XXXXXXXXXXXX,XXXXXXXXXXXX,132,11,12,11589,Trey Benson,RB,5,owner12,XXXXXXXXXXXX
2025,XXXXXXXXXXXX,XXXXXXXXXXXX,133,12,12,12469,Dylan Sampson,RB,5,owner12,XXXXXXXXXXXX
2025,XXXXXXXXXXXX,XXXXXXXXXXXX,134,12,11,7553,Kyle Pitts,TE,9,owner11,XXXXXXXXXXXX
2025,XXXXXXXXXXXX,XXXXXXXXXXXX,135,12,10,11575,Ray Davis,RB,3,owner10,XXXXXXXXXXXX
2025,XXXXXXXXXXXX,XXXXXXXXXXXX,136,12,9,11533,Brandon Aubrey,K,8,owner9,XXXXXXXXXXXX
2025,XXXXXXXXXXXX,XXXXXXXXXXXX,137,12,8,11560,Caleb Williams,QB,2,owner8,XXXXXXXXXXXX
2025,XXXXXXXXXXXX,XXXXXXXXXXXX,138,12,7,5022,Dallas Goedert,TE,6,owner7,XXXXXXXXXXXX
2025,XXXXXXXXXXXX,XXXXXXXXXXXX,139,12,6,6804,Jordan Love,QB,10,owner6,XXXXXXXXXXXX
2025,XXXXXXXXXXXX,XXXXXXXXXXXX,140,12,5,11564,Drake Maye,QB,7,owner5,XXXXXXXXXXXX
2025,XXXXXXXXXXXX,XXXXXXXXXXXX,141,12,4,8110,Jake Ferguson,TE,12,owner4,XXXXXXXXXXXX
2025,XXXXXXXXXXXX,XXXXXXXXXXXX,142,12,3,7591,Justin Fields,QB,1,owner3,XXXXXXXXXXXX
2025,XXXXXXXXXXXX,XXXXXXXXXXXX,143,12,2,DEN,NULL,DEF,11,owner2,XXXXXXXXXXXX
2025,XXXXXXXXXXXX,XXXXXXXXXXXX,144,12,1,4950,Christian Kirk,WR,4,owner1,XXXXXXXXXXXX
2025,XXXXXXXXXXXX,XXXXXXXXXXXX,145,13,1,PHI,NULL,DEF,4,owner1,XXXXXXXXXXXX
2025,XXXXXXXXXXXX,XXXXXXXXXXXX,146,13,2,8259,Cameron Dicker,K,11,owner2,XXXXXXXXXXXX
2025,XXXXXXXXXXXX,XXXXXXXXXXXX,147,13,3,12498,Mason Taylor,TE,1,owner3,XXXXXXXXXXXX
2025,XXXXXXXXXXXX,XXXXXXXXXXXX,148,13,4,11539,Jake Bates,K,12,owner4,XXXXXXXXXXXX
2025,XXXXXXXXXXXX,XXXXXXXXXXXX,149,13,5,BAL,NULL,DEF,7,owner5,XXXXXXXXXXXX
2025,XXXXXXXXXXXX,XXXXXXXXXXXX,150,13,6,11651,Isaac Guerendo,RB,10,owner6,XXXXXXXXXXXX
2025,XXXXXXXXXXXX,XXXXXXXXXXXX,151,13,7,PIT,NULL,DEF,6,owner7,XXXXXXXXXXXX
2025,XXXXXXXXXXXX,XXXXXXXXXXXX,152,13,8,6650,Chase McLaughlin,K,2,owner8,XXXXXXXXXXXX
2025,XXXXXXXXXXXX,XXXXXXXXXXXX,153,13,9,MIN,NULL,DEF,8,owner9,XXXXXXXXXXXX
2025,XXXXXXXXXXXX,XXXXXXXXXXXX,154,13,10,7523,Trevor Lawrence,QB,3,owner10,XXXXXXXXXXXX
2025,XXXXXXXXXXXX,XXXXXXXXXXXX,155,13,11,4227,Harrison Butker,K,9,owner11,XXXXXXXXXXXX
2025,XXXXXXXXXXXX,XXXXXXXXXXXX,156,13,12,11565,J.J. McCarthy,QB,5,owner12,XXXXXXXXXXXX
2025,XXXXXXXXXXXX,XXXXXXXXXXXX,157,14,12,12711,Tyler Loop,K,5,owner12,XXXXXXXXXXXX
2025,XXXXXXXXXXXX,XXXXXXXXXXXX,158,14,11,HOU,NULL,DEF,9,owner11,XXXXXXXXXXXX
2025,XXXXXXXXXXXX,XXXXXXXXXXXX,159,14,10,7839,Evan McPherson,K,3,owner10,XXXXXXXXXXXX
2025,XXXXXXXXXXXX,XXXXXXXXXXXX,160,14,9,12522,Cam Ward,QB,8,owner9,XXXXXXXXXXXX
2025,XXXXXXXXXXXX,XXXXXXXXXXXX,161,14,8,WAS,NULL,DEF,2,owner8,XXXXXXXXXXXX
2025,XXXXXXXXXXXX,XXXXXXXXXXXX,162,14,7,1945,Chris Boswell,K,6,owner7,XXXXXXXXXXXX
2025,XXXXXXXXXXXX,XXXXXXXXXXXX,163,14,6,7021,Rico Dowdle,RB,10,owner6,XXXXXXXXXXXX
2025,XXXXXXXXXXXX,XXXXXXXXXXXX,164,14,5,4195,Jake Elliott,K,7,owner5,XXXXXXXXXXXX
2025,XXXXXXXXXXXX,XXXXXXXXXXXX,165,14,4,9494,Marvin Mims,WR,12,owner4,XXXXXXXXXXXX
2025,XXXXXXXXXXXX,XXXXXXXXXXXX,166,14,3,BUF,NULL,DEF,1,owner3,XXXXXXXXXXXX
2025,XXXXXXXXXXXX,XXXXXXXXXXXX,167,14,2,1689,Adam Thielen,WR,11,owner2,XXXXXXXXXXXX
2025,XXXXXXXXXXXX,XXXXXXXXXXXX,168,14,1,421,Matthew Stafford,QB,4,owner1,XXXXXXXXXXXX
2025,XXXXXXXXXXXX,XXXXXXXXXXXX,169,15,1,3451,Ka'imi Fairbairn,K,4,owner1,XXXXXXXXXXXX
2025,XXXXXXXXXXXX,XXXXXXXXXXXX,170,15,2,9228,Bryce Young,QB,11,owner2,XXXXXXXXXXXX
2025,XXXXXXXXXXXX,XXXXXXXXXXXX,171,15,3,4666,Younghoe Koo,K,1,owner3,XXXXXXXXXXXX
2025,XXXXXXXXXXXX,XXXXXXXXXXXX,172,15,4,DET,NULL,DEF,12,owner4,XXXXXXXXXXXX
2025,XXXXXXXXXXXX,XXXXXXXXXXXX,173,15,5,1339,Zach Ertz,TE,7,owner5,XXXXXXXXXXXX
2025,XXXXXXXXXXXX,XXXXXXXXXXXX,174,15,6,11576,Braelon Allen,RB,10,owner6,XXXXXXXXXXXX
2025,XXXXXXXXXXXX,XXXXXXXXXXXX,175,15,7,3678,Wil Lutz,K,6,owner7,XXXXXXXXXXXX
2025,XXXXXXXXXXXX,XXXXXXXXXXXX,176,15,8,12519,Luther Burden,WR,2,owner8,XXXXXXXXXXXX
2025,XXXXXXXXXXXX,XXXXXXXXXXXX,177,15,9,12547,Kyle Williams,WR,8,owner9,XXXXXXXXXXXX
2025,XXXXXXXXXXXX,XXXXXXXXXXXX,178,15,10,SF,NULL,DEF,3,owner10,XXXXXXXXXXXX
2025,XXXXXXXXXXXX,XXXXXXXXXXXX,179,15,11,11618,Jalen McMillan,WR,9,owner11,XXXXXXXXXXXX
2025,XXXXXXXXXXXX,XXXXXXXXXXXX,180,15,12,NE,NULL,DEF,5,owner12,XXXXXXXXXXXX
2024,XXXXXXXXXXXX,XXXXXXXXXXXX,1,1,1,4034,Christian McCaffrey,RB,2,owner8,XXXXXXXXXXXX
2024,XXXXXXXXXXXX,XXXXXXXXXXXX,2,1,2,3321,Tyreek Hill,WR,6,owner7,XXXXXXXXXXXX
2024,XXXXXXXXXXXX,XXXXXXXXXXXX,3,1,3,6786,CeeDee Lamb,WR,7,owner5,XXXXXXXXXXXX
2024,XXXXXXXXXXXX,XXXXXXXXXXXX,4,1,4,9509,Bijan Robinson,RB,10,owner6,XXXXXXXXXXXX
2024,XXXXXXXXXXXX,XXXXXXXXXXXX,5,1,5,8155,Breece Hall,RB,11,owner2,XXXXXXXXXXXX
2024,XXXXXXXXXXXX,XXXXXXXXXXXX,6,1,6,7564,Ja'Marr Chase,WR,5,owner12,XXXXXXXXXXXX
2024,XXXXXXXXXXXX,XXXXXXXXXXXX,7,1,7,7547,Amon-Ra St. Brown,WR,1,owner3,XXXXXXXXXXXX
2024,XXXXXXXXXXXX,XXXXXXXXXXXX,8,1,8,6794,Justin Jefferson,WR,3,owner10,XXXXXXXXXXXX
2024,XXXXXXXXXXXX,XXXXXXXXXXXX,9,1,9,9493,Puka Nacua,WR,12,owner4,XXXXXXXXXXXX
2024,XXXXXXXXXXXX,XXXXXXXXXXXX,10,1,10,5859,A.J. Brown,WR,9,owner11,XXXXXXXXXXXX
2024,XXXXXXXXXXXX,XXXXXXXXXXXX,11,1,11,9221,Jahmyr Gibbs,RB,8,owner9,XXXXXXXXXXXX
2024,XXXXXXXXXXXX,XXXXXXXXXXXX,12,1,12,8146,Garrett Wilson,WR,4,owner1,XXXXXXXXXXXX
2024,XXXXXXXXXXXX,XXXXXXXXXXXX,13,2,12,6813,Jonathan Taylor,RB,4,owner1,XXXXXXXXXXXX
2024,XXXXXXXXXXXX,XXXXXXXXXXXX,14,2,11,8150,Kyren Williams,RB,8,owner9,XXXXXXXXXXXX
2024,XXXXXXXXXXXX,XXXXXXXXXXXX,15,2,10,8112,Drake London,WR,9,owner11,XXXXXXXXXXXX
2024,XXXXXXXXXXXX,XXXXXXXXXXXX,16,2,9,4866,Saquon Barkley,RB,12,owner4,XXXXXXXXXXXX
2024,XXXXXXXXXXXX,XXXXXXXXXXXX,17,2,8,7543,Travis Etienne,RB,3,owner10,XXXXXXXXXXXX
2024,XXXXXXXXXXXX,XXXXXXXXXXXX,18,2,7,2216,Mike Evans,WR,1,owner3,XXXXXXXXXXXX
2024,XXXXXXXXXXXX,XXXXXXXXXXXX,19,2,6,11628,Marvin Harrison,WR,5,owner12,XXXXXXXXXXXX
2024,XXXXXXXXXXXX,XXXXXXXXXXXX,20,2,5,3198,Derrick Henry,RB,11,owner2,XXXXXXXXXXXX
2024,XXXXXXXXXXXX,XXXXXXXXXXXX,21,2,4,2133,Davante Adams,WR,10,owner6,XXXXXXXXXXXX
2024,XXXXXXXXXXXX,XXXXXXXXXXXX,22,2,3,8144,Chris Olave,WR,7,owner5,XXXXXXXXXXXX
2024,XXXXXXXXXXXX,XXXXXXXXXXXX,23,2,2,8205,Isiah Pacheco,RB,6,owner7,XXXXXXXXXXXX
2024,XXXXXXXXXXXX,XXXXXXXXXXXX,24,2,1,9226,De'Von Achane,RB,2,owner8,XXXXXXXXXXXX
2024,XXXXXXXXXXXX,XXXXXXXXXXXX,25,3,1,6803,Brandon Aiyuk,WR,2,owner8,XXXXXXXXXXXX
2024,XXXXXXXXXXXX,XXXXXXXXXXXX,26,3,2,2449,Stefon Diggs,WR,6,owner7,XXXXXXXXXXXX
2024,XXXXXXXXXXXX,XXXXXXXXXXXX,27,3,3,10859,Sam LaPorta,TE,7,owner5,XXXXXXXXXXXX
2024,XXXXXXXXXXXX,XXXXXXXXXXXX,28,3,4,5850,Josh Jacobs,RB,10,owner6,XXXXXXXXXXXX
2024,XXXXXXXXXXXX,XXXXXXXXXXXX,29,3,5,5872,Deebo Samuel,WR,11,owner2,XXXXXXXXXXXX
2024,XXXXXXXXXXXX,XXXXXXXXXXXX,30,3,6,4046,Patrick Mahomes,QB,5,owner12,XXXXXXXXXXXX
2024,XXXXXXXXXXXX,XXXXXXXXXXXX,31,3,7,1466,Travis Kelce,TE,1,owner3,XXXXXXXXXXXX
2024,XXXXXXXXXXXX,XXXXXXXXXXXX,32,3,8,6819,Michael Pittman,WR,3,owner10,XXXXXXXXXXXX
2024,XXXXXXXXXXXX,XXXXXXXXXXXX,33,3,9,4881,Lamar Jackson,QB,12,owner4,XXXXXXXXXXXX
2024,XXXXXXXXXXXX,XXXXXXXXXXXX,34,3,10,7569,Nico Collins,WR,9,owner11,XXXXXXXXXXXX
2024,XXXXXXXXXXXX,XXXXXXXXXXXX,35,3,11,11632,Malik Nabers,WR,8,owner9,XXXXXXXXXXXX
2024,XXXXXXXXXXXX,XXXXXXXXXXXX,36,3,12,9758,C.J. Stroud,QB,4,owner1,XXXXXXXXXXXX
2024,XXXXXXXXXXXX,XXXXXXXXXXXX,37,4,12,8130,Trey McBride,TE,4,owner1,XXXXXXXXXXXX
2024,XXXXXXXXXXXX,XXXXXXXXXXXX,38,4,11,4983,DJ Moore,WR,8,owner9,XXXXXXXXXXXX
2024,XXXXXXXXXXXX,XXXXXXXXXXXX,39,4,10,6904,Jalen Hurts,QB,9,owner11,XXXXXXXXXXXX
2024,XXXXXXXXXXXX,XXXXXXXXXXXX,40,4,9,7526,Jaylen Waddle,WR,12,owner4,XXXXXXXXXXXX
2024,XXXXXXXXXXXX,XXXXXXXXXXXX,41,4,8,4035,Alvin Kamara,RB,3,owner10,XXXXXXXXXXXX
2024,XXXXXXXXXXXX,XXXXXXXXXXXX,42,4,7,8136,Rachaad White,RB,1,owner3,XXXXXXXXXXXX
2024,XXXXXXXXXXXX,XXXXXXXXXXXX,43,4,6,9502,Tank Dell,WR,5,owner12,XXXXXXXXXXXX
2024,XXXXXXXXXXXX,XXXXXXXXXXXX,44,4,5,4039,Cooper Kupp,WR,11,owner2,XXXXXXXXXXXX
2024,XXXXXXXXXXXX,XXXXXXXXXXXX,45,4,4,4984,Josh Allen,QB,10,owner6,XXXXXXXXXXXX
2024,XXXXXXXXXXXX,XXXXXXXXXXXX,46,4,3,5846,DK Metcalf,WR,7,owner5,XXXXXXXXXXXX
2024,XXXXXXXXXXXX,XXXXXXXXXXXX,47,4,2,6770,Joe Burrow,QB,6,owner7,XXXXXXXXXXXX
2024,XXXXXXXXXXXX,XXXXXXXXXXXX,48,4,1,7525,DeVonta Smith,WR,2,owner8,XXXXXXXXXXXX
2024,XXXXXXXXXXXX,XXXXXXXXXXXX,49,5,1,9229,Anthony Richardson,QB,2,owner8,XXXXXXXXXXXX
2024,XXXXXXXXXXXX,XXXXXXXXXXXX,50,5,2,8151,Kenneth Walker,RB,6,owner7,XXXXXXXXXXXX
2024,XXXXXXXXXXXX,XXXXXXXXXXXX,51,5,3,8138,James Cook,RB,7,owner5,XXXXXXXXXXXX
2024,XXXXXXXXXXXX,XXXXXXXXXXXX,52,5,4,5012,Mark Andrews,TE,10,owner6,XXXXXXXXXXXX
2024,XXXXXXXXXXXX,XXXXXXXXXXXX,53,5,5,4066,Evan Engram,TE,11,owner2,XXXXXXXXXXXX
2024,XXXXXXXXXXXX,XXXXXXXXXXXX,54,5,6,4199,Aaron Jones,RB,5,owner12,XXXXXXXXXXXX
2024,XXXXXXXXXXXX,XXXXXXXXXXXX,55,5,7,4018,Joe Mixon,RB,1,owner3,XXXXXXXXXXXX
2024,XXXXXXXXXXXX,XXXXXXXXXXXX,56,5,8,4217,George Kittle,TE,3,owner10,XXXXXXXXXXXX
2024,XXXXXXXXXXXX,XXXXXXXXXXXX,57,5,9,10236,Dalton Kincaid,TE,12,owner4,XXXXXXXXXXXX
2024,XXXXXXXXXXXX,XXXXXXXXXXXX,58,5,10,6801,Tee Higgins,WR,9,owner11,XXXXXXXXXXXX
2024,XXXXXXXXXXXX,XXXXXXXXXXXX,59,5,11,8137,George Pickens,WR,8,owner9,XXXXXXXXXXXX
2024,XXXXXXXXXXXX,XXXXXXXXXXXX,60,5,12,7611,Rhamondre Stevenson,RB,4,owner1,XXXXXXXXXXXX
2024,XXXXXXXXXXXX,XXXXXXXXXXXX,61,6,12,4950,Christian Kirk,WR,4,owner1,XXXXXXXXXXXX
2024,XXXXXXXXXXXX,XXXXXXXXXXXX,62,6,11,9997,Zay Flowers,WR,8,owner9,XXXXXXXXXXXX
2024,XXXXXXXXXXXX,XXXXXXXXXXXX,63,6,10,4137,James Conner,RB,9,owner11,XXXXXXXXXXXX
2024,XXXXXXXXXXXX,XXXXXXXXXXXX,64,6,9,5892,David Montgomery,RB,12,owner4,XXXXXXXXXXXX
2024,XXXXXXXXXXXX,XXXXXXXXXXXX,65,6,8,8183,Brock Purdy,QB,3,owner10,XXXXXXXXXXXX
2024,XXXXXXXXXXXX,XXXXXXXXXXXX,66,6,7,1479,Keenan Allen,WR,1,owner3,XXXXXXXXXXXX
2024,XXXXXXXXXXXX,XXXXXXXXXXXX,67,6,6,6790,D'Andre Swift,RB,5,owner12,XXXXXXXXXXXX
2024,XXXXXXXXXXXX,XXXXXXXXXXXX,68,6,5,2309,Amari Cooper,WR,11,owner2,XXXXXXXXXXXX
2024,XXXXXXXXXXXX,XXXXXXXXXXXX,69,6,4,11620,Rome Odunze,WR,10,owner6,XXXXXXXXXXXX
2024,XXXXXXXXXXXX,XXXXXXXXXXXX,70,6,3,5927,Terry McLaurin,WR,7,owner5,XXXXXXXXXXXX
2024,XXXXXXXXXXXX,XXXXXXXXXXXX,71,6,2,7553,Kyle Pitts,TE,6,owner7,XXXXXXXXXXXX
2024,XXXXXXXXXXXX,XXXXXXXXXXXX,72,6,1,4037,Chris Godwin,WR,2,owner8,XXXXXXXXXXXX
2024,XXXXXXXXXXXX,XXXXXXXXXXXX,73,7,1,11604,Brock Bowers,TE,2,owner8,XXXXXXXXXXXX
2024,XXXXXXXXXXXX,XXXXXXXXXXXX,74,7,2,5849,Kyler Murray,QB,6,owner7,XXXXXXXXXXXX
2024,XXXXXXXXXXXX,XXXXXXXXXXXX,75,7,3,6804,Jordan Love,QB,7,owner5,XXXXXXXXXXXX
2024,XXXXXXXXXXXX,XXXXXXXXXXXX,76,7,4,7528,Najee Harris,RB,10,owner6,XXXXXXXXXXXX
2024,XXXXXXXXXXXX,XXXXXXXXXXXX,77,7,5,5967,Tony Pollard,RB,11,owner2,XXXXXXXXXXXX
2024,XXXXXXXXXXXX,XXXXXXXXXXXX,78,7,6,11624,Xavier Worthy,WR,5,owner12,XXXXXXXXXXXX
2024,XXXXXXXXXXXX,XXXXXXXXXXXX,79,7,7,10229,Rashee Rice,WR,1,owner3,XXXXXXXXXXXX
2024,XXXXXXXXXXXX,XXXXXXXXXXXX,80,7,8,4981,Calvin Ridley,WR,3,owner10,XXXXXXXXXXXX
2024,XXXXXXXXXXXX,XXXXXXXXXXXX,81,7,9,5848,Marquise Brown,WR,12,owner4,XXXXXXXXXXXX
2024,XXXXXXXXXXXX,XXXXXXXXXXXX,82,7,10,2749,Raheem Mostert,RB,9,owner11,XXXXXXXXXXXX
2024,XXXXXXXXXXXX,XXXXXXXXXXXX,83,7,11,9756,Jordan Addison,WR,8,owner9,XXXXXXXXXXXX
2024,XXXXXXXXXXXX,XXXXXXXXXXXX,84,7,12,11635,Ladd McConkey,WR,4,owner1,XXXXXXXXXXXX
2024,XXXXXXXXXXXX,XXXXXXXXXXXX,85,8,12,8139,Zamir White,RB,4,owner1,XXXXXXXXXXXX
2024,XXXXXXXXXXXX,XXXXXXXXXXXX,86,8,11,11631,Brian Thomas,WR,8,owner9,XXXXXXXXXXXX
2024,XXXXXXXXXXXX,XXXXXXXXXXXX,87,8,10,10222,Jayden Reed,WR,9,owner11,XXXXXXXXXXXX
2024,XXXXXXXXXXXX,XXXXXXXXXXXX,88,8,9,5937,Diontae Johnson,WR,12,owner4,XXXXXXXXXXXX
2024,XXXXXXXXXXXX,XXXXXXXXXXXX,89,8,8,7588,Javonte Williams,RB,3,owner10,XXXXXXXXXXXX
2024,XXXXXXXXXXXX,XXXXXXXXXXXX,90,8,7,6845,Zack Moss,RB,1,owner3,XXXXXXXXXXXX
2024,XXXXXXXXXXXX,XXXXXXXXXXXX,91,8,6,8110,Jake Ferguson,TE,5,owner12,XXXXXXXXXXXX
2024,XXXXXXXXXXXX,XXXXXXXXXXXX,92,8,5,1426,DeAndre Hopkins,WR,11,owner2,XXXXXXXXXXXX
2024,XXXXXXXXXXXX,XXXXXXXXXXXX,93,8,4,11637,Keon Coleman,WR,10,owner6,XXXXXXXXXXXX
2024,XXXXXXXXXXXX,XXXXXXXXXXXX,94,8,3,11583,Jonathon Brooks,RB,7,owner5,XXXXXXXXXXXX
2024,XXXXXXXXXXXX,XXXXXXXXXXXX,95,8,2,8167,Christian Watson,WR,6,owner7,XXXXXXXXXXXX
2024,XXXXXXXXXXXX,XXXXXXXXXXXX,96,8,1,9488,Jaxon Smith-Njigba,WR,2,owner8,XXXXXXXXXXXX
2024,XXXXXXXXXXXX,XXXXXXXXXXXX,97,9,1,8228,Jaylen Warren,RB,2,owner8,XXXXXXXXXXXX
2024,XXXXXXXXXXXX,XXXXXXXXXXXX,98,9,2,4663,Austin Ekeler,RB,6,owner7,XXXXXXXXXXXX
2024,XXXXXXXXXXXX,XXXXXXXXXXXX,99,9,3,8148,Jameson Williams,WR,7,owner5,XXXXXXXXXXXX
2024,XXXXXXXXXXXX,XXXXXXXXXXXX,100,9,4,4033,David Njoku,TE,10,owner6,XXXXXXXXXXXX
2024,XXXXXXXXXXXX,XXXXXXXXXXXX,101,9,5,3294,Dak Prescott,QB,11,owner2,XXXXXXXXXXXX
2024,XXXXXXXXXXXX,XXXXXXXXXXXX,102,9,6,9508,Tyjae Spears,RB,5,owner12,XXXXXXXXXXXX
2024,XXXXXXXXXXXX,XXXXXXXXXXXX,103,9,7,6768,Tua Tagovailoa,QB,1,owner3,XXXXXXXXXXXX
2024,XXXXXXXXXXXX,XXXXXXXXXXXX,104,9,8,8676,Rashid Shaheed,WR,3,owner10,XXXXXXXXXXXX
2024,XXXXXXXXXXXX,XXXXXXXXXXXX,105,9,9,6130,Devin Singletary,RB,12,owner4,XXXXXXXXXXXX
2024,XXXXXXXXXXXX,XXXXXXXXXXXX,106,9,10,4988,Nick Chubb,RB,9,owner11,XXXXXXXXXXXX
2024,XXXXXXXXXXXX,XXXXXXXXXXXX,107,9,11,11560,Caleb Williams,QB,8,owner9,XXXXXXXXXXXX
2024,XXXXXXXXXXXX,XXXXXXXXXXXX,108,9,12,5248,Gus Edwards,RB,4,owner1,XXXXXXXXXXXX
2024,XXXXXXXXXXXX,XXXXXXXXXXXX,109,10,12,8143,Jerome Ford,RB,4,owner1,XXXXXXXXXXXX
2024,XXXXXXXXXXXX,XXXXXXXXXXXX,110,10,11,5022,Dallas Goedert,TE,8,owner9,XXXXXXXXXXXX
2024,XXXXXXXXXXXX,XXXXXXXXXXXX,111,10,10,2374,Tyler Lockett,WR,9,owner11,XXXXXXXXXXXX
2024,XXXXXXXXXXXX,XXXXXXXXXXXX,112,10,9,11566,Jayden Daniels,QB,12,owner4,XXXXXXXXXXXX
2024,XXXXXXXXXXXX,XXXXXXXXXXXX,113,10,8,11626,Xavier Legette,WR,3,owner10,XXXXXXXXXXXX
2024,XXXXXXXXXXXX,XXXXXXXXXXXX,114,10,7,3163,Jared Goff,QB,1,owner3,XXXXXXXXXXXX
2024,XXXXXXXXXXXX,XXXXXXXXXXXX,115,10,6,5045,Courtland Sutton,WR,5,owner12,XXXXXXXXXXXX
2024,XXXXXXXXXXXX,XXXXXXXXXXXX,116,10,5,11589,Trey Benson,RB,11,owner2,XXXXXXXXXXXX
2024,XXXXXXXXXXXX,XXXXXXXXXXXX,117,10,4,SF,NULL,DEF,10,owner6,XXXXXXXXXXXX
2024,XXXXXXXXXXXX,XXXXXXXXXXXX,118,10,3,8154,Brian Robinson,RB,7,owner5,XXXXXXXXXXXX
2024,XXXXXXXXXXXX,XXXXXXXXXXXX,119,10,2,1264,Justin Tucker,K,6,owner7,XXXXXXXXXXXX
2024,XXXXXXXXXXXX,XXXXXXXXXXXX,120,10,1,8121,Romeo Doubs,WR,2,owner8,XXXXXXXXXXXX
2024,XXXXXXXXXXXX,XXXXXXXXXXXX,121,11,1,3164,Ezekiel Elliott,RB,2,owner8,XXXXXXXXXXXX
2024,XXXXXXXXXXXX,XXXXXXXXXXXX,122,11,2,BAL,NULL,DEF,6,owner7,XXXXXXXXXXXX
2024,XXXXXXXXXXXX,XXXXXXXXXXXX,123,11,3,4227,Harrison Butker,K,7,owner5,XXXXXXXXXXXX
2024,XXXXXXXXXXXX,XXXXXXXXXXXX,124,11,4,4082,Curtis Samuel,WR,10,owner6,XXXXXXXXXXXX
2024,XXXXXXXXXXXX,XXXXXXXXXXXX,125,11,5,7839,Evan McPherson,K,11,owner2,XXXXXXXXXXXX
2024,XXXXXXXXXXXX,XXXXXXXXXXXX,126,11,6,11625,Adonai Mitchell,WR,5,owner12,XXXXXXXXXXXX
2024,XXXXXXXXXXXX,XXXXXXXXXXXX,127,11,7,5844,T.J. Hockenson,TE,1,owner3,XXXXXXXXXXXX
2024,XXXXXXXXXXXX,XXXXXXXXXXXX,128,11,8,7594,Chuba Hubbard,RB,3,owner10,XXXXXXXXXXXX
2024,XXXXXXXXXXXX,XXXXXXXXXXXX,129,11,9,5001,Dalton Schultz,TE,12,owner4,XXXXXXXXXXXX
2024,XXXXXXXXXXXX,XXXXXXXXXXXX,130,11,10,DAL,NULL,DEF,9,owner11,XXXXXXXXXXXX
2024,XXXXXXXXXXXX,XXXXXXXXXXXX,131,11,11,9224,Chase Brown,RB,8,owner9,XXXXXXXXXXXX
2024,XXXXXXXXXXXX,XXXXXXXXXXXX,132,11,12,7090,Darnell Mooney,WR,4,owner1,XXXXXXXXXXXX
2024,XXXXXXXXXXXX,XXXXXXXXXXXX,133,12,12,NYJ,NULL,DEF,4,owner1,XXXXXXXXXXXX
2024,XXXXXXXXXXXX,XXXXXXXXXXXX,134,12,11,11586,Blake Corum,RB,8,owner9,XXXXXXXXXXXX
2024,XXXXXXXXXXXX,XXXXXXXXXXXX,135,12,10,6826,Cole Kmet,TE,9,owner11,XXXXXXXXXXXX
2024,XXXXXXXXXXXX,XXXXXXXXXXXX,136,12,9,11533,Brandon Aubrey,K,12,owner4,XXXXXXXXXXXX
2024,XXXXXXXXXXXX,XXXXXXXXXXXX,137,12,8,4195,Jake Elliott,K,3,owner10,XXXXXXXXXXXX
2024,XXXXXXXXXXXX,XXXXXXXXXXXX,138,12,7,6806,J.K. Dobbins,RB,1,owner3,XXXXXXXXXXXX
2024,XXXXXXXXXXXX,XXXXXXXXXXXX,139,12,6,11627,Troy Franklin,WR,5,owner12,XXXXXXXXXXXX
2024,XXXXXXXXXXXX,XXXXXXXXXXXX,140,12,5,CLE,NULL,DEF,11,owner2,XXXXXXXXXXXX
2024,XXXXXXXXXXXX,XXXXXXXXXXXX,141,12,4,9753,Zach Charbonnet,RB,10,owner6,XXXXXXXXXXXX
2024,XXXXXXXXXXXX,XXXXXXXXXXXX,142,12,3,PIT,NULL,DEF,7,owner5,XXXXXXXXXXXX
2024,XXXXXXXXXXXX,XXXXXXXXXXXX,143,12,2,6797,Justin Herbert,QB,6,owner7,XXXXXXXXXXXX
2024,XXXXXXXXXXXX,XXXXXXXXXXXX,144,12,1,8134,Khalil Shakir,WR,2,owner8,XXXXXXXXXXXX
2024,XXXXXXXXXXXX,XXXXXXXXXXXX,145,13,1,4666,Younghoe Koo,K,2,owner8,XXXXXXXXXXXX
2024,XXXXXXXXXXXX,XXXXXXXXXXXX,146,13,2,6945,Antonio Gibson,RB,6,owner7,XXXXXXXXXXXX
2024,XXXXXXXXXXXX,XXXXXXXXXXXX,147,13,3,7523,Trevor Lawrence,QB,7,owner5,XXXXXXXXXXXX
2024,XXXXXXXXXXXX,XXXXXXXXXXXX,148,13,4,7600,Pat Freiermuth,TE,10,owner6,XXXXXXXXXXXX
2024,XXXXXXXXXXXX,XXXXXXXXXXXX,149,13,5,9481,Luke Musgrave,TE,11,owner2,XXXXXXXXXXXX
2024,XXXXXXXXXXXX,XXXXXXXXXXXX,150,13,6,10937,Jake Moody,K,5,owner12,XXXXXXXXXXXX
2024,XXXXXXXXXXXX,XXXXXXXXXXXX,151,13,7,4068,Mike Williams,WR,1,owner3,XXXXXXXXXXXX
2024,XXXXXXXXXXXX,XXXXXXXXXXXX,152,13,8,11565,J.J. McCarthy,QB,3,owner10,XXXXXXXXXXXX
2024,XXXXXXXXXXXX,XXXXXXXXXXXX,153,13,9,TB,NULL,DEF,12,owner4,XXXXXXXXXXXX
2024,XXXXXXXXXXXX,XXXXXXXXXXXX,154,13,10,5947,Jakobi Meyers,WR,9,owner11,XXXXXXXXXXXX
2024,XXXXXXXXXXXX,XXXXXXXXXXXX,155,13,11,11643,Jaylen Wright,RB,8,owner9,XXXXXXXXXXXX
2024,XXXXXXXXXXXX,XXXXXXXXXXXX,156,13,12,3451,Ka'imi Fairbairn,K,4,owner1,XXXXXXXXXXXX
2024,XXXXXXXXXXXX,XXXXXXXXXXXX,157,14,12,2197,Brandin Cooks,WR,4,owner1,XXXXXXXXXXXX
2024,XXXXXXXXXXXX,XXXXXXXXXXXX,158,14,11,7042,Tyler Bass,K,8,owner9,XXXXXXXXXXXX
2024,XXXXXXXXXXXX,XXXXXXXXXXXX,159,14,10,1166,Kirk Cousins,QB,9,owner11,XXXXXXXXXXXX
2024,XXXXXXXXXXXX,XXXXXXXXXXXX,160,14,9,6943,Gabe Davis,WR,12,owner4,XXXXXXXXXXXX
2024,XXXXXXXXXXXX,XXXXXXXXXXXX,161,14,8,6783,Jerry Jeudy,WR,3,owner10,XXXXXXXXXXXX
2024,XXXXXXXXXXXX,XXXXXXXXXXXX,162,14,7,96,Aaron Rodgers,QB,1,owner3,XXXXXXXXXXXX
2024,XXXXXXXXXXXX,XXXXXXXXXXXX,163,14,6,NO,NULL,DEF,5,owner12,XXXXXXXXXXXX
2024,XXXXXXXXXXXX,XXXXXXXXXXXX,164,14,5,9500,Josh Downs,WR,11,owner2,XXXXXXXXXXXX
2024,XXXXXXXXXXXX,XXXXXXXXXXXX,165,14,4,11638,Ricky Pearsall,WR,10,owner6,XXXXXXXXXXXX
2024,XXXXXXXXXXXX,XXXXXXXXXXXX,166,14,3,11619,Ja'Lynn Polk,WR,7,owner5,XXXXXXXXXXXX
2024,XXXXXXXXXXXX,XXXXXXXXXXXX,167,14,2,11596,Ben Sinnott,TE,6,owner7,XXXXXXXXXXXX
2024,XXXXXXXXXXXX,XXXXXXXXXXXX,168,14,1,MIA,NULL,DEF,2,owner8,XXXXXXXXXXXX
2024,XXXXXXXXXXXX,XXXXXXXXXXXX,169,15,1,3214,Hunter Henry,TE,2,owner8,XXXXXXXXXXXX
2024,XXXXXXXXXXXX,XXXXXXXXXXXX,170,15,2,11575,Ray Davis,RB,6,owner7,XXXXXXXXXXXX
2024,XXXXXXXXXXXX,XXXXXXXXXXXX,171,15,3,8111,Cade Otton,TE,7,owner5,XXXXXXXXXXXX
2024,XXXXXXXXXXXX,XXXXXXXXXXXX,172,15,4,8259,Cameron Dicker,K,10,owner6,XXXXXXXXXXXX
2024,XXXXXXXXXXXX,XXXXXXXXXXXX,173,15,5,421,Matthew Stafford,QB,11,owner2,XXXXXXXXXXXX
2024,XXXXXXXXXXXX,XXXXXXXXXXXX,174,15,6,8132,Tyler Allgeier,RB,5,owner12,XXXXXXXXXXXX
2024,XXXXXXXXXXXX,XXXXXXXXXXXX,175,15,7,KC,NULL,DEF,1,owner3,XXXXXXXXXXXX
2024,XXXXXXXXXXXX,XXXXXXXXXXXX,176,15,8,IND,NULL,DEF,3,owner10,XXXXXXXXXXXX
2024,XXXXXXXXXXXX,XXXXXXXXXXXX,177,15,9,1689,Adam Thielen,WR,12,owner4,XXXXXXXXXXXX
2024,XXXXXXXXXXXX,XXXXXXXXXXXX,178,15,10,5119,Jason Sanders,K,9,owner11,XXXXXXXXXXXX
2024,XXXXXXXXXXXX,XXXXXXXXXXXX,179,15,11,WAS,NULL,DEF,8,owner9,XXXXXXXXXXXX
2024,XXXXXXXXXXXX,XXXXXXXXXXXX,180,15,12,4892,Baker Mayfield,QB,4,owner1,XXXXXXXXXXXX
2023,XXXXXXXXXXXX,XXXXXXXXXXXX,1,1,1,4034,Christian McCaffrey,RB,6,owner7,XXXXXXXXXXXX
2023,XXXXXXXXXXXX,XXXXXXXXXXXX,2,1,2,6794,Justin Jefferson,WR,12,owner_guest,XXXXXXXXXXXX
2023,XXXXXXXXXXXX,XXXXXXXXXXXX,3,1,3,4663,Austin Ekeler,RB,11,owner2,XXXXXXXXXXXX
2023,XXXXXXXXXXXX,XXXXXXXXXXXX,4,1,4,9509,Bijan Robinson,RB,10,owner6,XXXXXXXXXXXX
2023,XXXXXXXXXXXX,XXXXXXXXXXXX,5,1,5,4866,Saquon Barkley,RB,4,owner1,XXXXXXXXXXXX
2023,XXXXXXXXXXXX,XXXXXXXXXXXX,6,1,6,7564,Ja'Marr Chase,WR,1,owner3,XXXXXXXXXXXX
2023,XXXXXXXXXXXX,XXXXXXXXXXXX,7,1,7,1466,Travis Kelce,TE,8,owner9,XXXXXXXXXXXX
2023,XXXXXXXXXXXX,XXXXXXXXXXXX,8,1,8,4039,Cooper Kupp,WR,7,owner5,XXXXXXXXXXXX
2023,XXXXXXXXXXXX,XXXXXXXXXXXX,9,1,9,4988,Nick Chubb,RB,5,owner12,XXXXXXXXXXXX
2023,XXXXXXXXXXXX,XXXXXXXXXXXX,10,1,10,3321,Tyreek Hill,WR,9,owner11,XXXXXXXXXXXX
2023,XXXXXXXXXXXX,XXXXXXXXXXXX,11,1,11,2449,Stefon Diggs,WR,3,owner10,XXXXXXXXXXXX
2023,XXXXXXXXXXXX,XXXXXXXXXXXX,12,1,12,3198,Derrick Henry,RB,2,owner8,XXXXXXXXXXXX
2023,XXXXXXXXXXXX,XXXXXXXXXXXX,13,2,12,5859,A.J. Brown,WR,2,owner8,XXXXXXXXXXXX
2023,XXXXXXXXXXXX,XXXXXXXXXXXX,14,2,11,5850,Josh Jacobs,RB,3,owner10,XXXXXXXXXXXX
2023,XXXXXXXXXXXX,XXXXXXXXXXXX,15,2,10,6786,CeeDee Lamb,WR,9,owner11,XXXXXXXXXXXX
2023,XXXXXXXXXXXX,XXXXXXXXXXXX,16,2,9,8146,Garrett Wilson,WR,5,owner12,XXXXXXXXXXXX
2023,XXXXXXXXXXXX,XXXXXXXXXXXX,17,2,8,8144,Chris Olave,WR,7,owner5,XXXXXXXXXXXX
2023,XXXXXXXXXXXX,XXXXXXXXXXXX,18,2,7,2133,Davante Adams,WR,8,owner9,XXXXXXXXXXXX
2023,XXXXXXXXXXXX,XXXXXXXXXXXX,19,2,6,6813,Jonathan Taylor,RB,1,owner3,XXXXXXXXXXXX
2023,XXXXXXXXXXXX,XXXXXXXXXXXX,20,2,5,7547,Amon-Ra St. Brown,WR,4,owner1,XXXXXXXXXXXX
2023,XXXXXXXXXXXX,XXXXXXXXXXXX,21,2,4,7526,Jaylen Waddle,WR,10,owner6,XXXXXXXXXXXX
2023,XXXXXXXXXXXX,XXXXXXXXXXXX,22,2,3,5967,Tony Pollard,RB,11,owner2,XXXXXXXXXXXX
2023,XXXXXXXXXXXX,XXXXXXXXXXXX,23,2,2,7611,Rhamondre Stevenson,RB,12,owner_guest,XXXXXXXXXXXX
2023,XXXXXXXXXXXX,XXXXXXXXXXXX,24,2,1,1426,DeAndre Hopkins,WR,6,owner7,XXXXXXXXXXXX
2023,XXXXXXXXXXXX,XXXXXXXXXXXX,25,3,1,4217,George Kittle,TE,6,owner7,XXXXXXXXXXXX
2023,XXXXXXXXXXXX,XXXXXXXXXXXX,26,3,2,4046,Patrick Mahomes,QB,12,owner_guest,XXXXXXXXXXXX
2023,XXXXXXXXXXXX,XXXXXXXXXXXX,27,3,3,7525,DeVonta Smith,WR,11,owner2,XXXXXXXXXXXX
2023,XXXXXXXXXXXX,XXXXXXXXXXXX,28,3,4,8155,Breece Hall,RB,10,owner6,XXXXXXXXXXXX
2023,XXXXXXXXXXXX,XXXXXXXXXXXX,29,3,5,4981,Calvin Ridley,WR,4,owner1,XXXXXXXXXXXX
2023,XXXXXXXXXXXX,XXXXXXXXXXXX,30,3,6,6801,Tee Higgins,WR,1,owner3,XXXXXXXXXXXX
2023,XXXXXXXXXXXX,XXXXXXXXXXXX,31,3,7,4984,Josh Allen,QB,8,owner9,XXXXXXXXXXXX
2023,XXXXXXXXXXXX,XXXXXXXXXXXX,32,3,8,6904,Jalen Hurts,QB,7,owner5,XXXXXXXXXXXX
2023,XXXXXXXXXXXX,XXXXXXXXXXXX,33,3,9,7528,Najee Harris,RB,5,owner12,XXXXXXXXXXXX
2023,XXXXXXXXXXXX,XXXXXXXXXXXX,34,3,10,5012,Mark Andrews,TE,9,owner11,XXXXXXXXXXXX
2023,XXXXXXXXXXXX,XXXXXXXXXXXX,35,3,11,5872,Deebo Samuel,WR,3,owner10,XXXXXXXXXXXX
2023,XXXXXXXXXXXX,XXXXXXXXXXXX,36,3,12,5846,DK Metcalf,WR,2,owner8,XXXXXXXXXXXX
2023,XXXXXXXXXXXX,XXXXXXXXXXXX,37,4,12,7543,Travis Etienne,RB,2,owner8,XXXXXXXXXXXX
2023,XXXXXXXXXXXX,XXXXXXXXXXXX,38,4,11,4881,Lamar Jackson,QB,3,owner10,XXXXXXXXXXXX
2023,XXXXXXXXXXXX,XXXXXXXXXXXX,39,4,10,9221,Jahmyr Gibbs,RB,9,owner11,XXXXXXXXXXXX
2023,XXXXXXXXXXXX,XXXXXXXXXXXX,40,4,9,7591,Justin Fields,QB,5,owner12,XXXXXXXXXXXX
2023,XXXXXXXXXXXX,XXXXXXXXXXXX,41,4,8,4018,Joe Mixon,RB,7,owner5,XXXXXXXXXXXX
2023,XXXXXXXXXXXX,XXXXXXXXXXXX,42,4,7,1479,Keenan Allen,WR,8,owner9,XXXXXXXXXXXX
2023,XXXXXXXXXXXX,XXXXXXXXXXXX,43,4,6,6770,Joe Burrow,QB,1,owner3,XXXXXXXXXXXX
2023,XXXXXXXXXXXX,XXXXXXXXXXXX,44,4,5,2309,Amari Cooper,WR,4,owner1,XXXXXXXXXXXX
2023,XXXXXXXXXXXX,XXXXXXXXXXXX,45,4,4,5927,Terry McLaurin,WR,10,owner6,XXXXXXXXXXXX
2023,XXXXXXXXXXXX,XXXXXXXXXXXX,46,4,3,4983,DJ Moore,WR,11,owner2,XXXXXXXXXXXX
2023,XXXXXXXXXXXX,XXXXXXXXXXXX,47,4,2,4035,Alvin Kamara,RB,12,owner_guest,XXXXXXXXXXXX
2023,XXXXXXXXXXXX,XXXXXXXXXXXX,48,4,1,6783,Jerry Jeudy,WR,6,owner7,XXXXXXXXXXXX
2023,XXXXXXXXXXXX,XXXXXXXXXXXX,49,5,1,6790,D'Andre Swift,RB,6,owner7,XXXXXXXXXXXX
2023,XXXXXXXXXXXX,XXXXXXXXXXXX,50,5,2,4199,Aaron Jones,RB,12,owner_guest,XXXXXXXXXXXX
2023,XXXXXXXXXXXX,XXXXXXXXXXXX,51,5,3,5844,T.J. Hockenson,TE,11,owner2,XXXXXXXXXXXX
2023,XXXXXXXXXXXX,XXXXXXXXXXXX,52,5,4,6797,Justin Herbert,QB,10,owner6,XXXXXXXXXXXX
2023,XXXXXXXXXXXX,XXXXXXXXXXXX,53,5,5,7523,Trevor Lawrence,QB,4,owner1,XXXXXXXXXXXX
2023,XXXXXXXXXXXX,XXXXXXXXXXXX,54,5,6,8151,Kenneth Walker,RB,1,owner3,XXXXXXXXXXXX
2023,XXXXXXXXXXXX,XXXXXXXXXXXX,55,5,7,8129,Dameon Pierce,RB,8,owner9,XXXXXXXXXXXX
2023,XXXXXXXXXXXX,XXXXXXXXXXXX,56,5,8,6151,Miles Sanders,RB,7,owner5,XXXXXXXXXXXX
2023,XXXXXXXXXXXX,XXXXXXXXXXXX,57,5,9,5987,Alexander Mattison,RB,5,owner12,XXXXXXXXXXXX
2023,XXXXXXXXXXXX,XXXXXXXXXXXX,58,5,10,4017,Deshaun Watson,QB,9,owner11,XXXXXXXXXXXX
2023,XXXXXXXXXXXX,XXXXXXXXXXXX,59,5,11,6819,Michael Pittman,WR,3,owner10,XXXXXXXXXXXX
2023,XXXXXXXXXXXX,XXXXXXXXXXXX,60,5,12,6768,Tua Tagovailoa,QB,2,owner8,XXXXXXXXXXXX
2023,XXXXXXXXXXXX,XXXXXXXXXXXX,61,6,12,6938,Cam Akers,RB,2,owner8,XXXXXXXXXXXX
2023,XXXXXXXXXXXX,XXXXXXXXXXXX,62,6,11,4137,James Conner,RB,3,owner10,XXXXXXXXXXXX
2023,XXXXXXXXXXXX,XXXXXXXXXXXX,63,6,10,8167,Christian Watson,WR,9,owner11,XXXXXXXXXXXX
2023,XXXXXXXXXXXX,XXXXXXXXXXXX,64,6,9,8136,Rachaad White,RB,5,owner12,XXXXXXXXXXXX
2023,XXXXXXXXXXXX,XXXXXXXXXXXX,65,6,8,4066,Evan Engram,TE,7,owner5,XXXXXXXXXXXX
2023,XXXXXXXXXXXX,XXXXXXXXXXXX,66,6,7,8112,Drake London,WR,8,owner9,XXXXXXXXXXXX
2023,XXXXXXXXXXXX,XXXXXXXXXXXX,67,6,6,5022,Dallas Goedert,TE,1,owner3,XXXXXXXXXXXX
2023,XXXXXXXXXXXX,XXXXXXXXXXXX,68,6,5,6806,J.K. Dobbins,RB,4,owner1,XXXXXXXXXXXX
2023,XXXXXXXXXXXX,XXXXXXXXXXXX,69,6,4,7553,Kyle Pitts,TE,10,owner6,XXXXXXXXXXXX
2023,XXXXXXXXXXXX,XXXXXXXXXXXX,70,6,3,4037,Chris Godwin,WR,11,owner2,XXXXXXXXXXXX
2023,XXXXXXXXXXXX,XXXXXXXXXXXX,71,6,2,2374,Tyler Lockett,WR,12,owner_guest,XXXXXXXXXXXX
2023,XXXXXXXXXXXX,XXXXXXXXXXXX,72,6,1,96,Aaron Rodgers,QB,6,owner7,XXXXXXXXXXXX
2023,XXXXXXXXXXXX,XXXXXXXXXXXX,73,7,1,4029,Dalvin Cook,RB,6,owner7,XXXXXXXXXXXX
2023,XXXXXXXXXXXX,XXXXXXXXXXXX,74,7,2,2505,Darren Waller,TE,12,owner_guest,XXXXXXXXXXXX
2023,XXXXXXXXXXXX,XXXXXXXXXXXX,75,7,3,5848,Marquise Brown,WR,11,owner2,XXXXXXXXXXXX
2023,XXXXXXXXXXXX,XXXXXXXXXXXX,76,7,4,8205,Isiah Pacheco,RB,10,owner6,XXXXXXXXXXXX
2023,XXXXXXXXXXXX,XXXXXXXXXXXX,77,7,5,8138,James Cook,RB,4,owner1,XXXXXXXXXXXX
2023,XXXXXXXXXXXX,XXXXXXXXXXXX,78,7,6,7588,Javonte Williams,RB,1,owner3,XXXXXXXXXXXX
2023,XXXXXXXXXXXX,XXXXXXXXXXXX,79,7,7,6828,A.J. Dillon,RB,8,owner9,XXXXXXXXXXXX
2023,XXXXXXXXXXXX,XXXXXXXXXXXX,80,7,8,2078,Odell Beckham,WR,7,owner5,XXXXXXXXXXXX
2023,XXXXXXXXXXXX,XXXXXXXXXXXX,81,7,9,4950,Christian Kirk,WR,5,owner12,XXXXXXXXXXXX
2023,XXXXXXXXXXXX,XXXXXXXXXXXX,82,7,10,6803,Brandon Aiyuk,WR,9,owner11,XXXXXXXXXXXX
2023,XXXXXXXXXXXX,XXXXXXXXXXXX,83,7,11,4149,Jamaal Williams,RB,3,owner10,XXXXXXXXXXXX
2023,XXXXXXXXXXXX,XXXXXXXXXXXX,84,7,12,4068,Mike Williams,WR,2,owner8,XXXXXXXXXXXX
2023,XXXXXXXXXXXX,XXXXXXXXXXXX,85,8,12,4033,David Njoku,TE,2,owner8,XXXXXXXXXXXX
2023,XXXXXXXXXXXX,XXXXXXXXXXXX,86,8,11,7600,Pat Freiermuth,TE,3,owner10,XXXXXXXXXXXX
2023,XXXXXXXXXXXX,XXXXXXXXXXXX,87,8,10,5892,David Montgomery,RB,9,owner11,XXXXXXXXXXXX
2023,XXXXXXXXXXXX,XXXXXXXXXXXX,88,8,9,3199,Michael Thomas,WR,5,owner12,XXXXXXXXXXXX
2023,XXXXXXXXXXXX,XXXXXXXXXXXX,89,8,8,6945,Antonio Gibson,RB,7,owner5,XXXXXXXXXXXX
2023,XXXXXXXXXXXX,XXXXXXXXXXXX,90,8,7,2216,Mike Evans,WR,8,owner9,XXXXXXXXXXXX
2023,XXXXXXXXXXXX,XXXXXXXXXXXX,91,8,6,8137,George Pickens,WR,1,owner3,XXXXXXXXXXXX
2023,XXXXXXXXXXXX,XXXXXXXXXXXX,92,8,5,8119,Jahan Dotson,WR,4,owner1,XXXXXXXXXXXX
2023,XXXXXXXXXXXX,XXXXXXXXXXXX,93,8,4,5937,Diontae Johnson,WR,10,owner6,XXXXXXXXXXXX
2023,XXXXXXXXXXXX,XXXXXXXXXXXX,94,8,3,8154,Brian Robinson,RB,11,owner2,XXXXXXXXXXXX
2023,XXXXXXXXXXXX,XXXXXXXXXXXX,95,8,2,9756,Jordan Addison,WR,12,owner_guest,XXXXXXXXXXXX
2023,XXXXXXXXXXXX,XXXXXXXXXXXX,96,8,1,9488,Jaxon Smith-Njigba,WR,6,owner7,XXXXXXXXXXXX
2023,XXXXXXXXXXXX,XXXXXXXXXXXX,97,9,1,4985,Rashaad Penny,RB,6,owner7,XXXXXXXXXXXX
2023,XXXXXXXXXXXX,XXXXXXXXXXXX,98,9,2,7606,Kadarius Toney,WR,12,owner_guest,XXXXXXXXXXXX
2023,XXXXXXXXXXXX,XXXXXXXXXXXX,99,9,3,3294,Dak Prescott,QB,11,owner2,XXXXXXXXXXXX
2023,XXXXXXXXXXXX,XXXXXXXXXXXX,100,9,4,2197,Brandin Cooks,WR,10,owner6,XXXXXXXXXXXX
2023,XXXXXXXXXXXX,XXXXXXXXXXXX,101,9,5,9753,Zach Charbonnet,RB,4,owner1,XXXXXXXXXXXX
2023,XXXXXXXXXXXX,XXXXXXXXXXXX,102,9,6,9997,Zay Flowers,WR,1,owner3,XXXXXXXXXXXX
2023,XXXXXXXXXXXX,XXXXXXXXXXXX,103,9,7,4147,Samaje Perine,RB,8,owner9,XXXXXXXXXXXX
2023,XXXXXXXXXXXX,XXXXXXXXXXXX,104,9,8,2161,Jerick McKinnon,RB,7,owner5,XXXXXXXXXXXX
2023,XXXXXXXXXXXX,XXXXXXXXXXXX,105,9,9,4040,JuJu Smith-Schuster,WR,5,owner12,XXXXXXXXXXXX
2023,XXXXXXXXXXXX,XXXXXXXXXXXX,106,9,10,7596,Elijah Moore,WR,9,owner11,XXXXXXXXXXXX
2023,XXXXXXXXXXXX,XXXXXXXXXXXX,107,9,11,7608,Khalil Herbert,RB,3,owner10,XXXXXXXXXXXX
2023,XXXXXXXXXXXX,XXXXXXXXXXXX,108,9,12,9226,De'Von Achane,RB,2,owner8,XXXXXXXXXXXX
2023,XXXXXXXXXXXX,XXXXXXXXXXXX,109,10,12,6943,Gabe Davis,WR,2,owner8,XXXXXXXXXXXX
2023,XXXXXXXXXXXX,XXXXXXXXXXXX,110,10,11,1689,Adam Thielen,WR,3,owner10,XXXXXXXXXXXX
2023,XXXXXXXXXXXX,XXXXXXXXXXXX,111,10,10,9754,Quentin Johnston,WR,9,owner11,XXXXXXXXXXXX
2023,XXXXXXXXXXXX,XXXXXXXXXXXX,112,10,9,5001,Dalton Schultz,TE,5,owner12,XXXXXXXXXXXX
2023,XXXXXXXXXXXX,XXXXXXXXXXXX,113,10,8,8676,Rashid Shaheed,WR,7,owner5,XXXXXXXXXXXX
2023,XXXXXXXXXXXX,XXXXXXXXXXXX,114,10,7,1166,Kirk Cousins,QB,8,owner9,XXXXXXXXXXXX
2023,XXXXXXXXXXXX,XXXXXXXXXXXX,115,10,6,8135,Treylon Burks,WR,1,owner3,XXXXXXXXXXXX
2023,XXXXXXXXXXXX,XXXXXXXXXXXX,116,10,5,6826,Cole Kmet,TE,4,owner1,XXXXXXXXXXXX
2023,XXXXXXXXXXXX,XXXXXXXXXXXX,117,10,4,5045,Courtland Sutton,WR,10,owner6,XXXXXXXXXXXX
2023,XXXXXXXXXXXX,XXXXXXXXXXXX,118,10,3,2749,Raheem Mostert,RB,11,owner2,XXXXXXXXXXXX
2023,XXXXXXXXXXXX,XXXXXXXXXXXX,119,10,2,5185,Allen Lazard,WR,12,owner_guest,XXXXXXXXXXXX
2023,XXXXXXXXXXXX,XXXXXXXXXXXX,120,10,1,3164,Ezekiel Elliott,RB,6,owner7,XXXXXXXXXXXX
2023,XXXXXXXXXXXX,XXXXXXXXXXXX,121,11,1,2028,Derek Carr,QB,6,owner7,XXXXXXXXXXXX
2023,XXXXXXXXXXXX,XXXXXXXXXXXX,122,11,2,SF,NULL,DEF,12,owner_guest,XXXXXXXXXXXX
2023,XXXXXXXXXXXX,XXXXXXXXXXXX,123,11,3,1264,Justin Tucker,K,11,owner2,XXXXXXXXXXXX
2023,XXXXXXXXXXXX,XXXXXXXXXXXX,124,11,4,10236,Dalton Kincaid,TE,10,owner6,XXXXXXXXXXXX
2023,XXXXXXXXXXXX,XXXXXXXXXXXX,125,11,5,PHI,NULL,DEF,4,owner1,XXXXXXXXXXXX
2023,XXXXXXXXXXXX,XXXXXXXXXXXX,126,11,6,9229,Anthony Richardson,QB,1,owner3,XXXXXXXXXXXX
2023,XXXXXXXXXXXX,XXXXXXXXXXXX,127,11,7,7839,Evan McPherson,K,8,owner9,XXXXXXXXXXXX
2023,XXXXXXXXXXXX,XXXXXXXXXXXX,128,11,8,9228,Bryce Young,QB,7,owner5,XXXXXXXXXXXX
2023,XXXXXXXXXXXX,XXXXXXXXXXXX,129,11,9,7042,Tyler Bass,K,5,owner12,XXXXXXXXXXXX
2023,XXXXXXXXXXXX,XXXXXXXXXXXX,130,11,10,8168,Skyy Moore,WR,9,owner11,XXXXXXXXXXXX
2023,XXXXXXXXXXXX,XXXXXXXXXXXX,131,11,11,8148,Jameson Williams,WR,3,owner10,XXXXXXXXXXXX
2023,XXXXXXXXXXXX,XXXXXXXXXXXX,132,11,12,7571,Rashod Bateman,WR,2,owner8,XXXXXXXXXXXX
2023,XXXXXXXXXXXX,XXXXXXXXXXXX,133,12,12,1373,Geno Smith,QB,2,owner8,XXXXXXXXXXXX
2023,XXXXXXXXXXXX,XXXXXXXXXXXX,134,12,11,BUF,NULL,DEF,3,owner10,XXXXXXXXXXXX
2023,XXXXXXXXXXXX,XXXXXXXXXXXX,135,12,10,7561,Elijah Mitchell,RB,9,owner11,XXXXXXXXXXXX
2023,XXXXXXXXXXXX,XXXXXXXXXXXX,136,12,9,10229,Rashee Rice,WR,5,owner12,XXXXXXXXXXXX
2023,XXXXXXXXXXXX,XXXXXXXXXXXX,137,12,8,5947,Jakobi Meyers,WR,7,owner5,XXXXXXXXXXXX
2023,XXXXXXXXXXXX,XXXXXXXXXXXX,138,12,7,DAL,NULL,DEF,8,owner9,XXXXXXXXXXXX
2023,XXXXXXXXXXXX,XXXXXXXXXXXX,139,12,6,9757,Kendre Miller,RB,1,owner3,XXXXXXXXXXXX
2023,XXXXXXXXXXXX,XXXXXXXXXXXX,140,12,5,4227,Harrison Butker,K,4,owner1,XXXXXXXXXXXX
2023,XXXXXXXXXXXX,XXXXXXXXXXXX,141,12,4,5890,Damien Harris,RB,10,owner6,XXXXXXXXXXXX
2023,XXXXXXXXXXXX,XXXXXXXXXXXX,142,12,3,NYJ,NULL,DEF,11,owner2,XXXXXXXXXXXX
2023,XXXXXXXXXXXX,XXXXXXXXXXXX,143,12,2,8210,Chig Okonkwo,TE,12,owner_guest,XXXXXXXXXXXX
2023,XXXXXXXXXXXX,XXXXXXXXXXXX,144,12,1,5095,Daniel Carlson,K,6,owner7,XXXXXXXXXXXX
2023,XXXXXXXXXXXX,XXXXXXXXXXXX,145,13,1,BAL,NULL,DEF,6,owner7,XXXXXXXXXXXX
2023,XXXXXXXXXXXX,XXXXXXXXXXXX,146,13,2,4666,Younghoe Koo,K,12,owner_guest,XXXXXXXXXXXX
2023,XXXXXXXXXXXX,XXXXXXXXXXXX,147,13,3,3163,Jared Goff,QB,11,owner2,XXXXXXXXXXXX
2023,XXXXXXXXXXXX,XXXXXXXXXXXX,148,13,4,5870,Daniel Jones,QB,10,owner6,XXXXXXXXXXXX
2023,XXXXXXXXXXXX,XXXXXXXXXXXX,149,13,5,3271,Tyler Higbee,TE,4,owner1,XXXXXXXXXXXX
2023,XXXXXXXXXXXX,XXXXXXXXXXXX,150,13,6,NE,NULL,DEF,1,owner3,XXXXXXXXXXXX
2023,XXXXXXXXXXXX,XXXXXXXXXXXX,151,13,7,2747,Jason Myers,K,8,owner9,XXXXXXXXXXXX
2023,XXXXXXXXXXXX,XXXXXXXXXXXX,152,13,8,MIA,NULL,DEF,7,owner5,XXXXXXXXXXXX
2023,XXXXXXXXXXXX,XXXXXXXXXXXX,153,13,9,9225,Tank Bigsby,RB,5,owner12,XXXXXXXXXXXX
2023,XXXXXXXXXXXX,XXXXXXXXXXXX,154,13,10,4195,Jake Elliott,K,9,owner11,XXXXXXXXXXXX
2023,XXXXXXXXXXXX,XXXXXXXXXXXX,155,13,11,5119,Jason Sanders,K,3,owner10,XXXXXXXXXXXX
2023,XXXXXXXXXXXX,XXXXXXXXXXXX,156,13,12,8259,Cameron Dicker,K,2,owner8,XXXXXXXXXXXX
2023,XXXXXXXXXXXX,XXXXXXXXXXXX,157,14,12,GB,NULL,DEF,2,owner8,XXXXXXXXXXXX
2023,XXXXXXXXXXXX,XXXXXXXXXXXX,158,14,11,1234,Russell Wilson,QB,3,owner10,XXXXXXXXXXXX
2023,XXXXXXXXXXXX,XXXXXXXXXXXX,159,14,10,CIN,NULL,DEF,9,owner11,XXXXXXXXXXXX
2023,XXXXXXXXXXXX,XXXXXXXXXXXX,160,14,9,8121,Romeo Doubs,WR,5,owner12,XXXXXXXXXXXX
2023,XXXXXXXXXXXX,XXXXXXXXXXXX,161,14,8,1433,Brandon McManus,K,7,owner5,XXXXXXXXXXXX
2023,XXXXXXXXXXXX,XXXXXXXXXXXX,162,14,7,8172,Greg Dulcich,TE,8,owner9,XXXXXXXXXXXX
2023,XXXXXXXXXXXX,XXXXXXXXXXXX,163,14,6,503,Graham Gano,K,1,owner3,XXXXXXXXXXXX
2023,XXXXXXXXXXXX,XXXXXXXXXXXX,164,14,5,7090,Darnell Mooney,WR,4,owner1,XXXXXXXXXXXX
2023,XXXXXXXXXXXX,XXXXXXXXXXXX,165,14,4,PIT,NULL,DEF,10,owner6,XXXXXXXXXXXX
2023,XXXXXXXXXXXX,XXXXXXXXXXXX,166,14,3,4089,Gerald Everett,TE,11,owner2,XXXXXXXXXXXX
2023,XXXXXXXXXXXX,XXXXXXXXXXXX,167,14,2,8132,Tyler Allgeier,RB,12,owner_guest,XXXXXXXXXXXX
2023,XXXXXXXXXXXX,XXXXXXXXXXXX,168,14,1,3225,Tyler Boyd,WR,6,owner7,XXXXXXXXXXXX
2023,XXXXXXXXXXXX,XXXXXXXXXXXX,169,15,1,10859,Sam LaPorta,TE,6,owner7,XXXXXXXXXXXX
2023,XXXXXXXXXXXX,XXXXXXXXXXXX,170,15,2,7601,Rondale Moore,WR,12,owner_guest,XXXXXXXXXXXX
2023,XXXXXXXXXXXX,XXXXXXXXXXXX,171,15,3,5038,Michael Gallup,WR,11,owner2,XXXXXXXXXXXX
2023,XXXXXXXXXXXX,XXXXXXXXXXXX,172,15,4,6083,Matt Gay,K,10,owner6,XXXXXXXXXXXX
2023,XXXXXXXXXXXX,XXXXXXXXXXXX,173,15,5,6804,Jordan Love,QB,4,owner1,XXXXXXXXXXXX
2023,XXXXXXXXXXXX,XXXXXXXXXXXX,174,15,6,4111,D'Onta Foreman,RB,1,owner3,XXXXXXXXXXXX
2023,XXXXXXXXXXXX,XXXXXXXXXXXX,175,15,7,10225,Jonathan Mingo,WR,8,owner9,XXXXXXXXXXXX
2023,XXXXXXXXXXXX,XXXXXXXXXXXX,176,15,8,7002,Juwan Johnson,TE,7,owner5,XXXXXXXXXXXX
2023,XXXXXXXXXXXX,XXXXXXXXXXXX,177,15,9,NO,NULL,DEF,5,owner12,XXXXXXXXXXXX
2023,XXXXXXXXXXXX,XXXXXXXXXXXX,178,15,10,8228,Jaylen Warren,RB,9,owner11,XXXXXXXXXXXX
2023,XXXXXXXXXXXX,XXXXXXXXXXXX,179,15,11,6130,Devin Singletary,RB,3,owner10,XXXXXXXXXXXX
2023,XXXXXXXXXXXX,XXXXXXXXXXXX,180,15,12,4951,DJ Chark,WR,2,owner8,XXXXXXXXXXXX
2022,XXXXXXXXXXXX,XXXXXXXXXXXX,1,1,1,6813,Jonathan Taylor,RB,9,owner11,XXXXXXXXXXXX
2022,XXXXXXXXXXXX,XXXXXXXXXXXX,2,1,2,4034,Christian McCaffrey,RB,1,owner3,XXXXXXXXXXXX
2022,XXXXXXXXXXXX,XXXXXXXXXXXX,3,1,3,3198,Derrick Henry,RB,12,owner_guest,XXXXXXXXXXXX
2022,XXXXXXXXXXXX,XXXXXXXXXXXX,4,1,4,4663,Austin Ekeler,RB,5,owner12,XXXXXXXXXXXX
2022,XXXXXXXXXXXX,XXXXXXXXXXXX,5,1,5,6794,Justin Jefferson,WR,8,owner9,XXXXXXXXXXXX
2022,XXXXXXXXXXXX,XXXXXXXXXXXX,6,1,6,4029,Dalvin Cook,RB,6,owner_guest3,XXXXXXXXXXXX
2022,XXXXXXXXXXXX,XXXXXXXXXXXX,7,1,7,7528,Najee Harris,RB,2,owner8,XXXXXXXXXXXX
2022,XXXXXXXXXXXX,XXXXXXXXXXXX,8,1,8,4035,Alvin Kamara,RB,13,owner7,XXXXXXXXXXXX
2022,XXXXXXXXXXXX,XXXXXXXXXXXX,9,1,9,4018,Joe Mixon,RB,4,owner1,XXXXXXXXXXXX
2022,XXXXXXXXXXXX,XXXXXXXXXXXX,10,1,10,4988,Nick Chubb,RB,3,owner10,XXXXXXXXXXXX
2022,XXXXXXXXXXXX,XXXXXXXXXXXX,11,1,11,4199,Aaron Jones,RB,7,owner5,XXXXXXXXXXXX
2022,XXXXXXXXXXXX,XXXXXXXXXXXX,12,1,12,4039,Cooper Kupp,WR,14,owner6,XXXXXXXXXXXX
2022,XXXXXXXXXXXX,XXXXXXXXXXXX,13,1,13,3969,Leonard Fournette,RB,10,owner_guest2,XXXXXXXXXXXX
2022,XXXXXXXXXXXX,XXXXXXXXXXXX,14,1,14,4866,Saquon Barkley,RB,11,owner2,XXXXXXXXXXXX
2022,XXXXXXXXXXXX,XXXXXXXXXXXX,15,2,14,6790,D'Andre Swift,RB,11,owner2,XXXXXXXXXXXX
2022,XXXXXXXXXXXX,XXXXXXXXXXXX,16,2,13,3164,Ezekiel Elliott,RB,10,owner_guest2,XXXXXXXXXXXX
2022,XXXXXXXXXXXX,XXXXXXXXXXXX,17,2,12,7588,Javonte Williams,RB,14,owner6,XXXXXXXXXXXX
2022,XXXXXXXXXXXX,XXXXXXXXXXXX,18,2,11,7564,Ja'Marr Chase,WR,7,owner5,XXXXXXXXXXXX
2022,XXXXXXXXXXXX,XXXXXXXXXXXX,19,2,10,2449,Stefon Diggs,WR,3,owner10,XXXXXXXXXXXX
2022,XXXXXXXXXXXX,XXXXXXXXXXXX,20,2,9,2133,Davante Adams,WR,4,owner1,XXXXXXXXXXXX
2022,XXXXXXXXXXXX,XXXXXXXXXXXX,21,2,8,3321,Tyreek Hill,WR,13,owner7,XXXXXXXXXXXX
2022,XXXXXXXXXXXX,XXXXXXXXXXXX,22,2,7,5872,Deebo Samuel,WR,2,owner8,XXXXXXXXXXXX
2022,XXXXXXXXXXXX,XXXXXXXXXXXX,23,2,6,4137,James Conner,RB,6,owner_guest3,XXXXXXXXXXXX
2022,XXXXXXXXXXXX,XXXXXXXXXXXX,24,2,5,1466,Travis Kelce,TE,8,owner9,XXXXXXXXXXXX
2022,XXXXXXXXXXXX,XXXXXXXXXXXX,25,2,4,1479,Keenan Allen,WR,5,owner12,XXXXXXXXXXXX
2022,XXXXXXXXXXXX,XXXXXXXXXXXX,26,2,3,4984,Josh Allen,QB,12,owner_guest,XXXXXXXXXXXX
2022,XXXXXXXXXXXX,XXXXXXXXXXXX,27,2,2,6786,CeeDee Lamb,WR,1,owner3,XXXXXXXXXXXX
2022,XXXXXXXXXXXX,XXXXXXXXXXXX,28,2,1,2216,Mike Evans,WR,9,owner11,XXXXXXXXXXXX
2022,XXXXXXXXXXXX,XXXXXXXXXXXX,29,3,1,5012,Mark Andrews,TE,9,owner11,XXXXXXXXXXXX
2022,XXXXXXXXXXXX,XXXXXXXXXXXX,30,3,2,6819,Michael Pittman,WR,1,owner3,XXXXXXXXXXXX
2022,XXXXXXXXXXXX,XXXXXXXXXXXX,31,3,3,5859,A.J. Brown,WR,12,owner_guest,XXXXXXXXXXXX
2022,XXXXXXXXXXXX,XXXXXXXXXXXX,32,3,4,8155,Breece Hall,RB,5,owner12,XXXXXXXXXXXX
2022,XXXXXXXXXXXX,XXXXXXXXXXXX,33,3,5,4046,Patrick Mahomes,QB,8,owner9,XXXXXXXXXXXX
2022,XXXXXXXXXXXX,XXXXXXXXXXXX,34,3,6,6801,Tee Higgins,WR,6,owner_guest3,XXXXXXXXXXXX
2022,XXXXXXXXXXXX,XXXXXXXXXXXX,35,3,7,5850,Josh Jacobs,RB,2,owner8,XXXXXXXXXXXX
2022,XXXXXXXXXXXX,XXXXXXXXXXXX,36,3,8,4217,George Kittle,TE,13,owner7,XXXXXXXXXXXX
2022,XXXXXXXXXXXX,XXXXXXXXXXXX,37,3,9,5927,Terry McLaurin,WR,4,owner1,XXXXXXXXXXXX
2022,XXXXXXXXXXXX,XXXXXXXXXXXX,38,3,10,7526,Jaylen Waddle,WR,3,owner10,XXXXXXXXXXXX
2022,XXXXXXXXXXXX,XXXXXXXXXXXX,39,3,11,7553,Kyle Pitts,TE,7,owner5,XXXXXXXXXXXX
2022,XXXXXXXXXXXX,XXXXXXXXXXXX,40,3,12,7543,Travis Etienne,RB,14,owner6,XXXXXXXXXXXX
2022,XXXXXXXXXXXX,XXXXXXXXXXXX,41,3,13,6797,Justin Herbert,QB,10,owner_guest2,XXXXXXXXXXXX
2022,XXXXXXXXXXXX,XXXXXXXXXXXX,42,3,14,4983,DJ Moore,WR,11,owner2,XXXXXXXXXXXX
2022,XXXXXXXXXXXX,XXXXXXXXXXXX,43,4,14,5846,DK Metcalf,WR,11,owner2,XXXXXXXXXXXX
2022,XXXXXXXXXXXX,XXXXXXXXXXXX,44,4,13,2505,Darren Waller,TE,10,owner_guest2,XXXXXXXXXXXX
2022,XXXXXXXXXXXX,XXXXXXXXXXXX,45,4,12,6938,Cam Akers,RB,14,owner6,XXXXXXXXXXXX
2022,XXXXXXXXXXXX,XXXXXXXXXXXX,46,4,11,5937,Diontae Johnson,WR,7,owner5,XXXXXXXXXXXX
2022,XXXXXXXXXXXX,XXXXXXXXXXXX,47,4,10,5892,David Montgomery,RB,3,owner10,XXXXXXXXXXXX
2022,XXXXXXXXXXXX,XXXXXXXXXXXX,48,4,9,5001,Dalton Schultz,TE,4,owner1,XXXXXXXXXXXX
2022,XXXXXXXXXXXX,XXXXXXXXXXXX,49,4,8,6806,J.K. Dobbins,RB,13,owner7,XXXXXXXXXXXX
2022,XXXXXXXXXXXX,XXXXXXXXXXXX,50,4,7,6783,Jerry Jeudy,WR,2,owner8,XXXXXXXXXXXX
2022,XXXXXXXXXXXX,XXXXXXXXXXXX,51,4,6,4068,Mike Williams,WR,6,owner_guest3,XXXXXXXXXXXX
2022,XXXXXXXXXXXX,XXXXXXXXXXXX,52,4,5,6945,Antonio Gibson,RB,8,owner9,XXXXXXXXXXXX
2022,XXXXXXXXXXXX,XXXXXXXXXXXX,53,4,4,3199,Michael Thomas,WR,5,owner12,XXXXXXXXXXXX
2022,XXXXXXXXXXXX,XXXXXXXXXXXX,54,4,3,5848,Marquise Brown,WR,12,owner_guest,XXXXXXXXXXXX
2022,XXXXXXXXXXXX,XXXXXXXXXXXX,55,4,2,7561,Elijah Mitchell,RB,1,owner3,XXXXXXXXXXXX
2022,XXXXXXXXXXXX,XXXXXXXXXXXX,56,4,1,5045,Courtland Sutton,WR,9,owner11,XXXXXXXXXXXX
2022,XXXXXXXXXXXX,XXXXXXXXXXXX,57,5,1,4881,Lamar Jackson,QB,9,owner11,XXXXXXXXXXXX
2022,XXXXXXXXXXXX,XXXXXXXXXXXX,58,5,2,4037,Chris Godwin,WR,1,owner3,XXXXXXXXXXXX
2022,XXXXXXXXXXXX,XXXXXXXXXXXX,59,5,3,2309,Amari Cooper,WR,12,owner_guest,XXXXXXXXXXXX
2022,XXXXXXXXXXXX,XXXXXXXXXXXX,60,5,4,1689,Adam Thielen,WR,5,owner12,XXXXXXXXXXXX
2022,XXXXXXXXXXXX,XXXXXXXXXXXX,61,5,5,2197,Brandin Cooks,WR,8,owner9,XXXXXXXXXXXX
2022,XXXXXXXXXXXX,XXXXXXXXXXXX,62,5,6,3214,Hunter Henry,TE,6,owner_guest3,XXXXXXXXXXXX
2022,XXXXXXXXXXXX,XXXXXXXXXXXX,63,5,7,1992,Allen Robinson,WR,2,owner8,XXXXXXXXXXXX
2022,XXXXXXXXXXXX,XXXXXXXXXXXX,64,5,8,4040,JuJu Smith-Schuster,WR,13,owner7,XXXXXXXXXXXX
2022,XXXXXXXXXXXX,XXXXXXXXXXXX,65,5,9,1426,DeAndre Hopkins,WR,4,owner1,XXXXXXXXXXXX
2022,XXXXXXXXXXXX,XXXXXXXXXXXX,66,5,10,5844,T.J. Hockenson,TE,3,owner10,XXXXXXXXXXXX
2022,XXXXXXXXXXXX,XXXXXXXXXXXX,67,5,11,6943,Gabe Davis,WR,7,owner5,XXXXXXXXXXXX
2022,XXXXXXXXXXXX,XXXXXXXXXXXX,68,5,12,7547,Amon-Ra St. Brown,WR,14,owner6,XXXXXXXXXXXX
2022,XXXXXXXXXXXX,XXXXXXXXXXXX,69,5,13,5185,Allen Lazard,WR,10,owner_guest2,XXXXXXXXXXXX
2022,XXXXXXXXXXXX,XXXXXXXXXXXX,70,5,14,7090,Darnell Mooney,WR,11,owner2,XXXXXXXXXXXX
2022,XXXXXXXXXXXX,XXXXXXXXXXXX,71,6,14,5022,Dallas Goedert,TE,11,owner2,XXXXXXXXXXXX
2022,XXXXXXXXXXXX,XXXXXXXXXXXX,72,6,13,7571,Rashod Bateman,WR,10,owner_guest2,XXXXXXXXXXXX
2022,XXXXXXXXXXXX,XXXXXXXXXXXX,73,6,12,5849,Kyler Murray,QB,14,owner6,XXXXXXXXXXXX
2022,XXXXXXXXXXXX,XXXXXXXXXXXX,74,6,11,5967,Tony Pollard,RB,7,owner5,XXXXXXXXXXXX
2022,XXXXXXXXXXXX,XXXXXXXXXXXX,75,6,10,6770,Joe Burrow,QB,3,owner10,XXXXXXXXXXXX
2022,XXXXXXXXXXXX,XXXXXXXXXXXX,76,6,9,167,Tom Brady,QB,4,owner1,XXXXXXXXXXXX
2022,XXXXXXXXXXXX,XXXXXXXXXXXX,77,6,8,8144,Chris Olave,WR,13,owner7,XXXXXXXXXXXX
2022,XXXXXXXXXXXX,XXXXXXXXXXXX,78,6,7,1234,Russell Wilson,QB,2,owner8,XXXXXXXXXXXX
2022,XXXXXXXXXXXX,XXXXXXXXXXXX,79,6,6,421,Matthew Stafford,QB,6,owner_guest3,XXXXXXXXXXXX
2022,XXXXXXXXXXXX,XXXXXXXXXXXX,80,6,5,6820,Clyde Edwards-Helaire,RB,8,owner9,XXXXXXXXXXXX
2022,XXXXXXXXXXXX,XXXXXXXXXXXX,81,6,4,2374,Tyler Lockett,WR,5,owner12,XXXXXXXXXXXX
2022,XXXXXXXXXXXX,XXXXXXXXXXXX,82,6,3,6828,A.J. Dillon,RB,12,owner_guest,XXXXXXXXXXXX
2022,XXXXXXXXXXXX,XXXXXXXXXXXX,83,6,2,6151,Miles Sanders,RB,1,owner3,XXXXXXXXXXXX
2022,XXXXXXXXXXXX,XXXXXXXXXXXX,84,6,1,5955,Hunter Renfrow,WR,9,owner11,XXXXXXXXXXXX
2022,XXXXXXXXXXXX,XXXXXXXXXXXX,85,7,1,7611,Rhamondre Stevenson,RB,9,owner11,XXXXXXXXXXXX
2022,XXXXXXXXXXXX,XXXXXXXXXXXX,86,7,2,6904,Jalen Hurts,QB,1,owner3,XXXXXXXXXXXX
2022,XXXXXXXXXXXX,XXXXXXXXXXXX,87,7,3,4098,Kareem Hunt,RB,12,owner_guest,XXXXXXXXXXXX
2022,XXXXXXXXXXXX,XXXXXXXXXXXX,88,7,4,8129,Dameon Pierce,RB,5,owner12,XXXXXXXXXXXX
2022,XXXXXXXXXXXX,XXXXXXXXXXXX,89,7,5,1535,Cordarrelle Patterson,RB,8,owner9,XXXXXXXXXXXX
2022,XXXXXXXXXXXX,XXXXXXXXXXXX,90,7,6,5890,Damien Harris,RB,6,owner_guest3,XXXXXXXXXXXX
2022,XXXXXXXXXXXX,XXXXXXXXXXXX,91,7,7,5906,Dawson Knox,TE,2,owner8,XXXXXXXXXXXX
2022,XXXXXXXXXXXX,XXXXXXXXXXXX,92,7,8,8151,Kenneth Walker,RB,13,owner7,XXXXXXXXXXXX
2022,XXXXXXXXXXXX,XXXXXXXXXXXX,93,7,9,6130,Devin Singletary,RB,4,owner1,XXXXXXXXXXXX
2022,XXXXXXXXXXXX,XXXXXXXXXXXX,94,7,10,5000,Chase Edmonds,RB,3,owner10,XXXXXXXXXXXX
2022,XXXXXXXXXXXX,XXXXXXXXXXXX,95,7,11,2306,Jameis Winston,QB,7,owner5,XXXXXXXXXXXX
2022,XXXXXXXXXXXX,XXXXXXXXXXXX,96,7,12,8112,Drake London,WR,14,owner6,XXXXXXXXXXXX
2022,XXXXXXXXXXXX,XXXXXXXXXXXX,97,7,13,6803,Brandon Aiyuk,WR,10,owner_guest2,XXXXXXXXXXXX
2022,XXXXXXXXXXXX,XXXXXXXXXXXX,98,7,14,96,Aaron Rodgers,QB,11,owner2,XXXXXXXXXXXX
2022,XXXXXXXXXXXX,XXXXXXXXXXXX,99,8,14,7525,DeVonta Smith,WR,11,owner2,XXXXXXXXXXXX
2022,XXXXXXXXXXXX,XXXXXXXXXXXX,100,8,13,1339,Zach Ertz,TE,10,owner_guest2,XXXXXXXXXXXX
2022,XXXXXXXXXXXX,XXXXXXXXXXXX,101,8,12,7600,Pat Freiermuth,TE,14,owner6,XXXXXXXXXXXX
2022,XXXXXXXXXXXX,XXXXXXXXXXXX,102,8,11,4985,Rashaad Penny,RB,7,owner5,XXXXXXXXXXXX
2022,XXXXXXXXXXXX,XXXXXXXXXXXX,103,8,10,8137,George Pickens,WR,3,owner10,XXXXXXXXXXXX
2022,XXXXXXXXXXXX,XXXXXXXXXXXX,104,8,9,5916,Darrell Henderson,RB,4,owner1,XXXXXXXXXXXX
2022,XXXXXXXXXXXX,XXXXXXXXXXXX,105,8,8,4993,Mike Gesicki,TE,13,owner7,XXXXXXXXXXXX
2022,XXXXXXXXXXXX,XXXXXXXXXXXX,106,8,7,8138,James Cook,RB,2,owner8,XXXXXXXXXXXX
2022,XXXXXXXXXXXX,XXXXXXXXXXXX,107,8,6,7596,Elijah Moore,WR,6,owner_guest3,XXXXXXXXXXXX
2022,XXXXXXXXXXXX,XXXXXXXXXXXX,108,8,5,1352,Robert Woods,WR,8,owner9,XXXXXXXXXXXX
2022,XXXXXXXXXXXX,XXXXXXXXXXXX,109,8,4,6826,Cole Kmet,TE,5,owner12,XXXXXXXXXXXX
2022,XXXXXXXXXXXX,XXXXXXXXXXXX,110,8,3,3294,Dak Prescott,QB,12,owner_guest,XXXXXXXXXXXX
2022,XXXXXXXXXXXX,XXXXXXXXXXXX,111,8,2,4950,Christian Kirk,WR,1,owner3,XXXXXXXXXXXX
2022,XXXXXXXXXXXX,XXXXXXXXXXXX,112,8,1,8146,Garrett Wilson,WR,9,owner11,XXXXXXXXXXXX
2022,XXXXXXXXXXXX,XXXXXXXXXXXX,113,9,1,6886,Chase Claypool,WR,9,owner11,XXXXXXXXXXXX
2022,XXXXXXXXXXXX,XXXXXXXXXXXX,114,9,2,7606,Kadarius Toney,WR,1,owner3,XXXXXXXXXXXX
2022,XXXXXXXXXXXX,XXXXXXXXXXXX,115,9,3,8135,Treylon Burks,WR,12,owner_guest,XXXXXXXXXXXX
2022,XXXXXXXXXXXX,XXXXXXXXXXXX,116,9,4,2028,Derek Carr,QB,5,owner12,XXXXXXXXXXXX
2022,XXXXXXXXXXXX,XXXXXXXXXXXX,117,9,5,2320,Melvin Gordon,RB,8,owner9,XXXXXXXXXXXX
2022,XXXXXXXXXXXX,XXXXXXXXXXXX,118,9,6,7610,Trey Lance,QB,6,owner_guest3,XXXXXXXXXXXX
2022,XXXXXXXXXXXX,XXXXXXXXXXXX,119,9,7,947,Julio Jones,WR,2,owner8,XXXXXXXXXXXX
2022,XXXXXXXXXXXX,XXXXXXXXXXXX,120,9,8,24,Matt Ryan,QB,13,owner7,XXXXXXXXXXXX
2022,XXXXXXXXXXXX,XXXXXXXXXXXX,121,9,9,2319,DeVante Parker,WR,4,owner1,XXXXXXXXXXXX
2022,XXXXXXXXXXXX,XXXXXXXXXXXX,122,9,10,3225,Tyler Boyd,WR,3,owner10,XXXXXXXXXXXX
2022,XXXXXXXXXXXX,XXXXXXXXXXXX,123,9,11,3271,Tyler Higbee,TE,7,owner5,XXXXXXXXXXXX
2022,XXXXXXXXXXXX,XXXXXXXXXXXX,124,9,12,8168,Skyy Moore,WR,14,owner6,XXXXXXXXXXXX
2022,XXXXXXXXXXXX,XXXXXXXXXXXX,125,9,13,5987,Alexander Mattison,RB,10,owner_guest2,XXXXXXXXXXXX
2022,XXXXXXXXXXXX,XXXXXXXXXXXX,126,9,14,7607,Michael Carter,RB,11,owner2,XXXXXXXXXXXX
2022,XXXXXXXXXXXX,XXXXXXXXXXXX,127,10,14,1264,Justin Tucker,K,11,owner2,XXXXXXXXXXXX
2022,XXXXXXXXXXXX,XXXXXXXXXXXX,128,10,13,3678,Wil Lutz,K,10,owner_guest2,XXXXXXXXXXXX
2022,XXXXXXXXXXXX,XXXXXXXXXXXX,129,10,12,6955,James Robinson,RB,14,owner6,XXXXXXXXXXXX
2022,XXXXXXXXXXXX,XXXXXXXXXXXX,130,10,11,NO,NULL,DEF,7,owner5,XXXXXXXXXXXX
2022,XXXXXXXXXXXX,XXXXXXXXXXXX,131,10,10,LAR,NULL,DEF,3,owner10,XXXXXXXXXXXX
2022,XXXXXXXXXXXX,XXXXXXXXXXXX,132,10,9,7839,Evan McPherson,K,4,owner1,XXXXXXXXXXXX
2022,XXXXXXXXXXXX,XXXXXXXXXXXX,133,10,8,1166,Kirk Cousins,QB,13,owner7,XXXXXXXXXXXX
2022,XXXXXXXXXXXX,XXXXXXXXXXXX,134,10,7,BUF,NULL,DEF,2,owner8,XXXXXXXXXXXX
2022,XXXXXXXXXXXX,XXXXXXXXXXXX,135,10,6,6843,Albert Okwuegbunam,TE,6,owner_guest3,XXXXXXXXXXXX
2022,XXXXXXXXXXXX,XXXXXXXXXXXX,136,10,5,SF,NULL,DEF,8,owner9,XXXXXXXXXXXX
2022,XXXXXXXXXXXX,XXXXXXXXXXXX,137,10,4,7601,Rondale Moore,WR,5,owner12,XXXXXXXXXXXX
2022,XXXXXXXXXXXX,XXXXXXXXXXXX,138,10,3,TB,NULL,DEF,12,owner_guest,XXXXXXXXXXXX
2022,XXXXXXXXXXXX,XXXXXXXXXXXX,139,10,2,1825,Jarvis Landry,WR,1,owner3,XXXXXXXXXXXX
2022,XXXXXXXXXXXX,XXXXXXXXXXXX,140,10,1,5095,Daniel Carlson,K,9,owner11,XXXXXXXXXXXX
2022,XXXXXXXXXXXX,XXXXXXXXXXXX,141,11,1,7567,Kenneth Gainwell,RB,9,owner11,XXXXXXXXXXXX
2022,XXXXXXXXXXXX,XXXXXXXXXXXX,142,11,2,5947,Jakobi Meyers,WR,1,owner3,XXXXXXXXXXXX
2022,XXXXXXXXXXXX,XXXXXXXXXXXX,143,11,3,4227,Harrison Butker,K,12,owner_guest,XXXXXXXXXXXX
2022,XXXXXXXXXXXX,XXXXXXXXXXXX,144,11,4,2749,Raheem Mostert,RB,5,owner12,XXXXXXXXXXXX
2022,XXXXXXXXXXXX,XXXXXXXXXXXX,145,11,5,6083,Matt Gay,K,8,owner9,XXXXXXXXXXXX
2022,XXXXXXXXXXXX,XXXXXXXXXXXX,146,11,6,BAL,NULL,DEF,6,owner_guest3,XXXXXXXXXXXX
2022,XXXXXXXXXXXX,XXXXXXXXXXXX,147,11,7,17,Matt Prater,K,2,owner8,XXXXXXXXXXXX
2022,XXXXXXXXXXXX,XXXXXXXXXXXX,148,11,8,DAL,NULL,DEF,13,owner7,XXXXXXXXXXXX
2022,XXXXXXXXXXXX,XXXXXXXXXXXX,149,11,9,IND,NULL,DEF,4,owner1,XXXXXXXXXXXX
2022,XXXXXXXXXXXX,XXXXXXXXXXXX,150,11,10,7042,Tyler Bass,K,3,owner10,XXXXXXXXXXXX
2022,XXXXXXXXXXXX,XXXXXXXXXXXX,151,11,11,4666,Younghoe Koo,K,7,owner5,XXXXXXXXXXXX
2022,XXXXXXXXXXXX,XXXXXXXXXXXX,152,11,12,LAC,NULL,DEF,14,owner6,XXXXXXXXXXXX
2022,XXXXXXXXXXXX,XXXXXXXXXXXX,153,11,13,GB,NULL,DEF,10,owner_guest2,XXXXXXXXXXXX
2022,XXXXXXXXXXXX,XXXXXXXXXXXX,154,11,14,DEN,NULL,DEF,11,owner2,XXXXXXXXXXXX
2022,XXXXXXXXXXXX,XXXXXXXXXXXX,155,12,14,5347,Nyheim Hines,RB,11,owner2,XXXXXXXXXXXX
2022,XXXXXXXXXXXX,XXXXXXXXXXXX,156,12,13,5110,Russell Gage,WR,10,owner_guest2,XXXXXXXXXXXX
2022,XXXXXXXXXXXX,XXXXXXXXXXXX,157,12,12,5086,Marquez Valdes-Scantling,WR,14,owner6,XXXXXXXXXXXX
2022,XXXXXXXXXXXX,XXXXXXXXXXXX,158,12,11,6853,Van Jefferson,WR,7,owner5,XXXXXXXXXXXX
2022,XXXXXXXXXXXX,XXXXXXXXXXXX,159,12,10,8153,Isaiah Spiller,RB,3,owner10,XXXXXXXXXXXX
2022,XXXXXXXXXXXX,XXXXXXXXXXXX,160,12,9,4381,Taysom Hill,TE,4,owner1,XXXXXXXXXXXX
2022,XXXXXXXXXXXX,XXXXXXXXXXXX,161,12,8,8136,Rachaad White,RB,13,owner7,XXXXXXXXXXXX
2022,XXXXXXXXXXXX,XXXXXXXXXXXX,162,12,7,7523,Trevor Lawrence,QB,2,owner8,XXXXXXXXXXXX
2022,XXXXXXXXXXXX,XXXXXXXXXXXX,163,12,6,1433,Brandon McManus,K,6,owner_guest3,XXXXXXXXXXXX
2022,XXXXXXXXXXXX,XXXXXXXXXXXX,164,12,5,8132,Tyler Allgeier,RB,8,owner9,XXXXXXXXXXXX
2022,XXXXXXXXXXXX,XXXXXXXXXXXX,165,12,4,5038,Michael Gallup,WR,5,owner12,XXXXXXXXXXXX
2022,XXXXXXXXXXXX,XXXXXXXXXXXX,166,12,3,8119,Jahan Dotson,WR,12,owner_guest,XXXXXXXXXXXX
2022,XXXXXXXXXXXX,XXXXXXXXXXXX,167,12,2,4892,Baker Mayfield,QB,1,owner3,XXXXXXXXXXXX
2022,XXXXXXXXXXXX,XXXXXXXXXXXX,168,12,1,PIT,NULL,DEF,9,owner11,XXXXXXXXXXXX
2022,XXXXXXXXXXXX,XXXXXXXXXXXX,169,13,1,8167,Christian Watson,WR,9,owner11,XXXXXXXXXXXX
2022,XXXXXXXXXXXX,XXXXXXXXXXXX,170,13,2,4602,Robert Tonyan,TE,1,owner3,XXXXXXXXXXXX
2022,XXXXXXXXXXXX,XXXXXXXXXXXX,171,13,3,8154,Brian Robinson,RB,12,owner_guest,XXXXXXXXXXXX
2022,XXXXXXXXXXXX,XXXXXXXXXXXX,172,13,4,7062,Rodrigo Blankenship,K,5,owner12,XXXXXXXXXXXX
2022,XXXXXXXXXXXX,XXXXXXXXXXXX,173,13,5,7591,Justin Fields,QB,8,owner9,XXXXXXXXXXXX
2022,XXXXXXXXXXXX,XXXXXXXXXXXX,174,13,6,4131,Kenny Golladay,WR,6,owner_guest3,XXXXXXXXXXXX
2022,XXXXXXXXXXXX,XXXXXXXXXXXX,175,13,7,956,Mark Ingram,RB,2,owner8,XXXXXXXXXXXX
2022,XXXXXXXXXXXX,XXXXXXXXXXXX,176,13,8,650,Nick Folk,K,13,owner7,XXXXXXXXXXXX
2022,XXXXXXXXXXXX,XXXXXXXXXXXX,177,13,9,4951,DJ Chark,WR,4,owner1,XXXXXXXXXXXX
2022,XXXXXXXXXXXX,XXXXXXXXXXXX,178,13,10,6768,Tua Tagovailoa,QB,3,owner10,XXXXXXXXXXXX
2022,XXXXXXXXXXXX,XXXXXXXXXXXX,179,13,11,2078,Odell Beckham,WR,7,owner5,XXXXXXXXXXXX
2022,XXXXXXXXXXXX,XXXXXXXXXXXX,180,13,12,4033,David Njoku,TE,14,owner6,XXXXXXXXXXXX
2022,XXXXXXXXXXXX,XXXXXXXXXXXX,181,13,13,7527,Mac Jones,QB,10,owner_guest2,XXXXXXXXXXXX
2022,XXXXXXXXXXXX,XXXXXXXXXXXX,182,13,14,4017,Deshaun Watson,QB,11,owner2,XXXXXXXXXXXX
2022,XXXXXXXXXXXX,XXXXXXXXXXXX,183,14,14,5052,Ronald Jones,RB,11,owner2,XXXXXXXXXXXX
2022,XXXXXXXXXXXX,XXXXXXXXXXXX,184,14,13,5917,Mecole Hardman,WR,10,owner_guest2,XXXXXXXXXXXX
2022,XXXXXXXXXXXX,XXXXXXXXXXXX,185,14,12,4152,Marlon Mack,RB,14,owner6,XXXXXXXXXXXX
2022,XXXXXXXXXXXX,XXXXXXXXXXXX,186,14,11,7538,Zach Wilson,QB,7,owner5,XXXXXXXXXXXX
2022,XXXXXXXXXXXX,XXXXXXXXXXXX,187,14,10,6126,Irv Smith,TE,3,owner10,XXXXXXXXXXXX
2022,XXXXXXXXXXXX,XXXXXXXXXXXX,188,14,9,7608,Khalil Herbert,RB,4,owner1,XXXXXXXXXXXX
2022,XXXXXXXXXXXX,XXXXXXXXXXXX,189,14,8,8117,Jalen Tolbert,WR,13,owner7,XXXXXXXXXXXX
2022,XXXXXXXXXXXX,XXXXXXXXXXXX,190,14,7,8475,Montrell Washington,WR,2,owner8,XXXXXXXXXXXX
2022,XXXXXXXXXXXX,XXXXXXXXXXXX,191,14,6,3664,J.D. McKissic,RB,6,owner_guest3,XXXXXXXXXXXX
2022,XXXXXXXXXXXX,XXXXXXXXXXXX,192,14,5,5857,Noah Fant,TE,8,owner9,XXXXXXXXXXXX
2022,XXXXXXXXXXXX,XXXXXXXXXXXX,193,14,4,1817,Sammy Watkins,WR,5,owner12,XXXXXXXXXXXX
2022,XXXXXXXXXXXX,XXXXXXXXXXXX,194,14,3,8121,Romeo Doubs,WR,12,owner_guest,XXXXXXXXXXXX
2022,XXXXXXXXXXXX,XXXXXXXXXXXX,195,14,2,NE,NULL,DEF,1,owner3,XXXXXXXXXXXX
2022,XXXXXXXXXXXX,XXXXXXXXXXXX,196,14,1,8205,Isiah Pacheco,RB,9,owner11,XXXXXXXXXXXX
2022,XXXXXXXXXXXX,XXXXXXXXXXXX,197,15,1,4149,Jamaal Williams,RB,9,owner11,XXXXXXXXXXXX
2022,XXXXXXXXXXXX,XXXXXXXXXXXX,198,15,2,4089,Gerald Everett,TE,1,owner3,XXXXXXXXXXXX
2022,XXXXXXXXXXXX,XXXXXXXXXXXX,199,15,3,3202,Austin Hooper,TE,12,owner_guest,XXXXXXXXXXXX
2022,XXXXXXXXXXXX,XXXXXXXXXXXX,200,15,4,CIN,NULL,DEF,5,owner12,XXXXXXXXXXXX
2022,XXXXXXXXXXXX,XXXXXXXXXXXX,201,15,5,8142,Alec Pierce,WR,8,owner9,XXXXXXXXXXXX
2022,XXXXXXXXXXXX,XXXXXXXXXXXX,202,15,6,7594,Chuba Hubbard,RB,6,owner_guest3,XXXXXXXXXXXX
2022,XXXXXXXXXXXX,XXXXXXXXXXXX,203,15,7,3242,Kenyan Drake,RB,2,owner8,XXXXXXXXXXXX
2022,XXXXXXXXXXXX,XXXXXXXXXXXX,204,15,8,7066,K.J. Osborn,WR,13,owner7,XXXXXXXXXXXX
2022,XXXXXXXXXXXX,XXXXXXXXXXXX,205,15,9,2307,Marcus Mariota,QB,4,owner1,XXXXXXXXXXXX
2022,XXXXXXXXXXXX,XXXXXXXXXXXX,206,15,10,7569,Nico Collins,WR,3,owner10,XXXXXXXXXXXX
2022,XXXXXXXXXXXX,XXXXXXXXXXXX,207,15,11,CLE,NULL,DEF,7,owner5,XXXXXXXXXXXX
2022,XXXXXXXXXXXX,XXXXXXXXXXXX,208,15,12,49,Robbie Gould,K,14,owner6,XXXXXXXXXXXX
2022,XXXXXXXXXXXX,XXXXXXXXXXXX,209,15,13,8139,Zamir White,RB,10,owner_guest2,XXXXXXXXXXXX
2022,XXXXXXXXXXXX,XXXXXXXXXXXX,210,15,14,4973,Hayden Hurst,TE,11,owner2,XXXXXXXXXXXX
2021,XXXXXXXXXXXX,XXXXXXXXXXXX,1,1,1,4035,Alvin Kamara,RB,13,owner7,XXXXXXXXXXXX
2021,XXXXXXXXXXXX,XXXXXXXXXXXX,2,1,2,4034,Christian McCaffrey,RB,3,owner10,XXXXXXXXXXXX
2021,XXXXXXXXXXXX,XXXXXXXXXXXX,3,1,3,3198,Derrick Henry,RB,10,owner_guest2,XXXXXXXXXXXX
2021,XXXXXXXXXXXX,XXXXXXXXXXXX,4,1,4,4029,Dalvin Cook,RB,9,owner11,XXXXXXXXXXXX
2021,XXXXXXXXXXXX,XXXXXXXXXXXX,5,1,5,4866,Saquon Barkley,RB,14,owner6,XXXXXXXXXXXX
2021,XXXXXXXXXXXX,XXXXXXXXXXXX,6,1,6,6813,Jonathan Taylor,RB,11,owner2,XXXXXXXXXXXX
2021,XXXXXXXXXXXX,XXXXXXXXXXXX,7,1,7,4988,Nick Chubb,RB,6,owner_guest3,XXXXXXXXXXXX
2021,XXXXXXXXXXXX,XXXXXXXXXXXX,8,1,8,4199,Aaron Jones,RB,2,owner8,XXXXXXXXXXXX
2021,XXXXXXXXXXXX,XXXXXXXXXXXX,9,1,9,4663,Austin Ekeler,RB,5,owner12,XXXXXXXXXXXX
2021,XXXXXXXXXXXX,XXXXXXXXXXXX,10,1,10,3164,Ezekiel Elliott,RB,7,owner5,XXXXXXXXXXXX
2021,XXXXXXXXXXXX,XXXXXXXXXXXX,11,1,11,2133,Davante Adams,WR,12,owner_guest,XXXXXXXXXXXX
2021,XXXXXXXXXXXX,XXXXXXXXXXXX,12,1,12,3321,Tyreek Hill,WR,8,owner9,XXXXXXXXXXXX
2021,XXXXXXXXXXXX,XXXXXXXXXXXX,13,1,13,2449,Stefon Diggs,WR,1,owner3,XXXXXXXXXXXX
2021,XXXXXXXXXXXX,XXXXXXXXXXXX,14,1,14,4018,Joe Mixon,RB,4,owner1,XXXXXXXXXXXX
2021,XXXXXXXXXXXX,XXXXXXXXXXXX,15,2,14,1466,Travis Kelce,TE,4,owner1,XXXXXXXXXXXX
2021,XXXXXXXXXXXX,XXXXXXXXXXXX,16,2,13,6945,Antonio Gibson,RB,1,owner3,XXXXXXXXXXXX
2021,XXXXXXXXXXXX,XXXXXXXXXXXX,17,2,12,6820,Clyde Edwards-Helaire,RB,8,owner9,XXXXXXXXXXXX
2021,XXXXXXXXXXXX,XXXXXXXXXXXX,18,2,11,5846,DK Metcalf,WR,12,owner_guest,XXXXXXXXXXXX
2021,XXXXXXXXXXXX,XXXXXXXXXXXX,19,2,10,5859,A.J. Brown,WR,7,owner5,XXXXXXXXXXXX
2021,XXXXXXXXXXXX,XXXXXXXXXXXX,20,2,9,6794,Justin Jefferson,WR,4,owner1,XXXXXXXXXXXX
2021,XXXXXXXXXXXX,XXXXXXXXXXXX,21,2,8,1426,DeAndre Hopkins,WR,2,owner8,XXXXXXXXXXXX
2021,XXXXXXXXXXXX,XXXXXXXXXXXX,22,2,7,4981,Calvin Ridley,WR,6,owner_guest3,XXXXXXXXXXXX
2021,XXXXXXXXXXXX,XXXXXXXXXXXX,23,2,6,1479,Keenan Allen,WR,11,owner2,XXXXXXXXXXXX
2021,XXXXXXXXXXXX,XXXXXXXXXXXX,24,2,5,6151,Miles Sanders,RB,14,owner6,XXXXXXXXXXXX
2021,XXXXXXXXXXXX,XXXXXXXXXXXX,25,2,4,5892,David Montgomery,RB,9,owner11,XXXXXXXXXXXX
2021,XXXXXXXXXXXX,XXXXXXXXXXXX,26,2,3,7528,Najee Harris,RB,10,owner_guest2,XXXXXXXXXXXX
2021,XXXXXXXXXXXX,XXXXXXXXXXXX,27,2,2,4217,George Kittle,TE,3,owner10,XXXXXXXXXXXX
2021,XXXXXXXXXXXX,XXXXXXXXXXXX,28,2,1,4046,Patrick Mahomes,QB,13,owner7,XXXXXXXXXXXX
2021,XXXXXXXXXXXX,XXXXXXXXXXXX,29,3,1,1992,Allen Robinson,WR,13,owner7,XXXXXXXXXXXX
2021,XXXXXXXXXXXX,XXXXXXXXXXXX,30,3,2,947,Julio Jones,WR,3,owner10,XXXXXXXXXXXX
2021,XXXXXXXXXXXX,XXXXXXXXXXXX,31,3,3,4984,Josh Allen,QB,10,owner_guest2,XXXXXXXXXXXX
2021,XXXXXXXXXXXX,XXXXXXXXXXXX,32,3,4,5927,Terry McLaurin,WR,9,owner11,XXXXXXXXXXXX
2021,XXXXXXXXXXXX,XXXXXXXXXXXX,33,3,5,2216,Mike Evans,WR,14,owner6,XXXXXXXXXXXX
2021,XXXXXXXXXXXX,XXXXXXXXXXXX,34,3,6,6806,J.K. Dobbins,RB,1,owner3,XXXXXXXXXXXX
2021,XXXXXXXXXXXX,XXXXXXXXXXXX,35,3,7,4037,Chris Godwin,WR,6,owner_guest3,XXXXXXXXXXXX
2021,XXXXXXXXXXXX,XXXXXXXXXXXX,36,3,8,4273,Chris Carson,RB,2,owner8,XXXXXXXXXXXX
2021,XXXXXXXXXXXX,XXXXXXXXXXXX,37,3,9,6790,D'Andre Swift,RB,5,owner12,XXXXXXXXXXXX
2021,XXXXXXXXXXXX,XXXXXXXXXXXX,38,3,10,5849,Kyler Murray,QB,7,owner5,XXXXXXXXXXXX
2021,XXXXXXXXXXXX,XXXXXXXXXXXX,39,3,11,5850,Josh Jacobs,RB,12,owner_guest,XXXXXXXXXXXX
2021,XXXXXXXXXXXX,XXXXXXXXXXXX,40,3,12,4881,Lamar Jackson,QB,8,owner9,XXXXXXXXXXXX
2021,XXXXXXXXXXXX,XXXXXXXXXXXX,41,3,13,5916,Darrell Henderson,RB,11,owner2,XXXXXXXXXXXX
2021,XXXXXXXXXXXX,XXXXXXXXXXXX,42,3,14,1352,Robert Woods,WR,5,owner12,XXXXXXXXXXXX
2021,XXXXXXXXXXXX,XXXXXXXXXXXX,43,4,14,5980,Myles Gaskin,RB,4,owner1,XXXXXXXXXXXX
2021,XXXXXXXXXXXX,XXXXXXXXXXXX,44,4,13,4983,DJ Moore,WR,11,owner2,XXXXXXXXXXXX
2021,XXXXXXXXXXXX,XXXXXXXXXXXX,45,4,12,2309,Amari Cooper,WR,8,owner9,XXXXXXXXXXXX
2021,XXXXXXXXXXXX,XXXXXXXXXXXX,46,4,11,6786,CeeDee Lamb,WR,12,owner_guest,XXXXXXXXXXXX
2021,XXXXXXXXXXXX,XXXXXXXXXXXX,47,4,10,2374,Tyler Lockett,WR,7,owner5,XXXXXXXXXXXX
2021,XXXXXXXXXXXX,XXXXXXXXXXXX,48,4,9,2749,Raheem Mostert,RB,5,owner12,XXXXXXXXXXXX
2021,XXXXXXXXXXXX,XXXXXXXXXXXX,49,4,8,1689,Adam Thielen,WR,2,owner8,XXXXXXXXXXXX
2021,XXXXXXXXXXXX,XXXXXXXXXXXX,50,4,7,5000,Chase Edmonds,RB,6,owner_guest3,XXXXXXXXXXXX
2021,XXXXXXXXXXXX,XXXXXXXXXXXX,51,4,6,4098,Kareem Hunt,RB,1,owner3,XXXXXXXXXXXX
2021,XXXXXXXXXXXX,XXXXXXXXXXXX,52,4,5,4039,Cooper Kupp,WR,14,owner6,XXXXXXXXXXXX
2021,XXXXXXXXXXXX,XXXXXXXXXXXX,53,4,4,2505,Darren Waller,TE,9,owner11,XXXXXXXXXXXX
2021,XXXXXXXXXXXX,XXXXXXXXXXXX,54,4,3,5937,Diontae Johnson,WR,10,owner_guest2,XXXXXXXXXXXX
2021,XXXXXXXXXXXX,XXXXXXXXXXXX,55,4,2,7543,Travis Etienne,RB,3,owner10,XXXXXXXXXXXX
2021,XXXXXXXXXXXX,XXXXXXXXXXXX,56,4,1,2078,Odell Beckham,WR,13,owner7,XXXXXXXXXXXX
2021,XXXXXXXXXXXX,XXXXXXXXXXXX,57,5,1,2320,Melvin Gordon,RB,13,owner7,XXXXXXXXXXXX
2021,XXXXXXXXXXXX,XXXXXXXXXXXX,58,5,2,6803,Brandon Aiyuk,WR,3,owner10,XXXXXXXXXXXX
2021,XXXXXXXXXXXX,XXXXXXXXXXXX,59,5,3,6801,Tee Higgins,WR,10,owner_guest2,XXXXXXXXXXXX
2021,XXXXXXXXXXXX,XXXXXXXXXXXX,60,5,4,6886,Chase Claypool,WR,9,owner11,XXXXXXXXXXXX
2021,XXXXXXXXXXXX,XXXXXXXXXXXX,61,5,5,3294,Dak Prescott,QB,14,owner6,XXXXXXXXXXXX
2021,XXXXXXXXXXXX,XXXXXXXXXXXX,62,5,6,4131,Kenny Golladay,WR,1,owner3,XXXXXXXXXXXX
2021,XXXXXXXXXXXX,XXXXXXXXXXXX,63,5,7,1234,Russell Wilson,QB,6,owner_guest3,XXXXXXXXXXXX
2021,XXXXXXXXXXXX,XXXXXXXXXXXX,64,5,8,6955,James Robinson,RB,2,owner8,XXXXXXXXXXXX
2021,XXXXXXXXXXXX,XXXXXXXXXXXX,65,5,9,1049,Ryan Tannehill,QB,5,owner12,XXXXXXXXXXXX
2021,XXXXXXXXXXXX,XXXXXXXXXXXX,66,5,10,5052,Ronald Jones,RB,7,owner5,XXXXXXXXXXXX
2021,XXXXXXXXXXXX,XXXXXXXXXXXX,67,5,11,167,Tom Brady,QB,12,owner_guest,XXXXXXXXXXXX
2021,XXXXXXXXXXXX,XXXXXXXXXXXX,68,5,12,5012,Mark Andrews,TE,8,owner9,XXXXXXXXXXXX
2021,XXXXXXXXXXXX,XXXXXXXXXXXX,69,5,13,5844,T.J. Hockenson,TE,11,owner2,XXXXXXXXXXXX
2021,XXXXXXXXXXXX,XXXXXXXXXXXX,70,5,14,3199,Michael Thomas,WR,5,owner12,XXXXXXXXXXXX
2021,XXXXXXXXXXXX,XXXXXXXXXXXX,71,6,14,96,Aaron Rodgers,QB,4,owner1,XXXXXXXXXXXX
2021,XXXXXXXXXXXX,XXXXXXXXXXXX,72,6,13,6797,Justin Herbert,QB,11,owner2,XXXXXXXXXXXX
2021,XXXXXXXXXXXX,XXXXXXXXXXXX,73,6,12,2431,Mike Davis,RB,8,owner9,XXXXXXXXXXXX
2021,XXXXXXXXXXXX,XXXXXXXXXXXX,74,6,11,5890,Damien Harris,RB,12,owner_guest,XXXXXXXXXXXX
2021,XXXXXXXXXXXX,XXXXXXXXXXXX,75,6,10,5022,Dallas Goedert,TE,7,owner5,XXXXXXXXXXXX
2021,XXXXXXXXXXXX,XXXXXXXXXXXX,76,6,9,1825,Jarvis Landry,WR,5,owner12,XXXXXXXXXXXX
2021,XXXXXXXXXXXX,XXXXXXXXXXXX,77,6,8,6770,Joe Burrow,QB,2,owner8,XXXXXXXXXXXX
2021,XXXXXXXXXXXX,XXXXXXXXXXXX,78,6,7,5857,Noah Fant,TE,6,owner_guest3,XXXXXXXXXXXX
2021,XXXXXXXXXXXX,XXXXXXXXXXXX,79,6,6,6904,Jalen Hurts,QB,3,owner10,XXXXXXXXXXXX
2021,XXXXXXXXXXXX,XXXXXXXXXXXX,80,6,5,3157,William Fuller,WR,14,owner6,XXXXXXXXXXXX
2021,XXXXXXXXXXXX,XXXXXXXXXXXX,81,6,4,421,Matthew Stafford,QB,9,owner11,XXXXXXXXXXXX
2021,XXXXXXXXXXXX,XXXXXXXXXXXX,82,6,3,7553,Kyle Pitts,TE,10,owner_guest2,XXXXXXXXXXXX
2021,XXXXXXXXXXXX,XXXXXXXXXXXX,83,6,2,7564,Ja'Marr Chase,WR,1,owner3,XXXXXXXXXXXX
2021,XXXXXXXXXXXX,XXXXXXXXXXXX,84,6,1,4602,Robert Tonyan,TE,13,owner7,XXXXXXXXXXXX
2021,XXXXXXXXXXXX,XXXXXXXXXXXX,85,7,1,4040,JuJu Smith-Schuster,WR,13,owner7,XXXXXXXXXXXX
2021,XXXXXXXXXXXX,XXXXXXXXXXXX,86,7,2,5045,Courtland Sutton,WR,1,owner3,XXXXXXXXXXXX
2021,XXXXXXXXXXXX,XXXXXXXXXXXX,87,7,3,3969,Leonard Fournette,RB,10,owner_guest2,XXXXXXXXXXXX
2021,XXXXXXXXXXXX,XXXXXXXXXXXX,88,7,4,6783,Jerry Jeudy,WR,9,owner11,XXXXXXXXXXXX
2021,XXXXXXXXXXXX,XXXXXXXXXXXX,89,7,5,4137,James Conner,RB,14,owner6,XXXXXXXXXXXX
2021,XXXXXXXXXXXX,XXXXXXXXXXXX,90,7,6,6845,Zack Moss,RB,3,owner10,XXXXXXXXXXXX
2021,XXXXXXXXXXXX,XXXXXXXXXXXX,91,7,7,4951,DJ Chark,WR,6,owner_guest3,XXXXXXXXXXXX
2021,XXXXXXXXXXXX,XXXXXXXXXXXX,92,7,8,3225,Tyler Boyd,WR,2,owner8,XXXXXXXXXXXX
2021,XXXXXXXXXXXX,XXXXXXXXXXXX,93,7,9,4993,Mike Gesicki,TE,5,owner12,XXXXXXXXXXXX
2021,XXXXXXXXXXXX,XXXXXXXXXXXX,94,7,10,7596,Elijah Moore,WR,7,owner5,XXXXXXXXXXXX
2021,XXXXXXXXXXXX,XXXXXXXXXXXX,95,7,11,6126,Irv Smith,TE,12,owner_guest,XXXXXXXXXXXX
2021,XXXXXXXXXXXX,XXXXXXXXXXXX,96,7,12,2391,David Johnson,RB,8,owner9,XXXXXXXXXXXX
2021,XXXXXXXXXXXX,XXXXXXXXXXXX,97,7,13,3242,Kenyan Drake,RB,11,owner2,XXXXXXXXXXXX
2021,XXXXXXXXXXXX,XXXXXXXXXXXX,98,7,14,3423,Robbie Chosen,WR,4,owner1,XXXXXXXXXXXX
2021,XXXXXXXXXXXX,XXXXXXXXXXXX,99,8,14,7588,Javonte Williams,RB,4,owner1,XXXXXXXXXXXX
2021,XXXXXXXXXXXX,XXXXXXXXXXXX,100,8,13,2197,Brandin Cooks,WR,11,owner2,XXXXXXXXXXXX
2021,XXXXXXXXXXXX,XXXXXXXXXXXX,101,8,12,1264,Justin Tucker,K,8,owner9,XXXXXXXXXXXX
2021,XXXXXXXXXXXX,XXXXXXXXXXXX,102,8,11,5872,Deebo Samuel,WR,12,owner_guest,XXXXXXXXXXXX
2021,XXXXXXXXXXXX,XXXXXXXXXXXX,103,8,10,6828,A.J. Dillon,RB,7,owner5,XXXXXXXXXXXX
2021,XXXXXXXXXXXX,XXXXXXXXXXXX,104,8,9,5347,Nyheim Hines,RB,5,owner12,XXXXXXXXXXXX
2021,XXXXXXXXXXXX,XXXXXXXXXXXX,105,8,8,2251,Logan Thomas,TE,2,owner8,XXXXXXXXXXXX
2021,XXXXXXXXXXXX,XXXXXXXXXXXX,106,8,7,4666,Younghoe Koo,K,6,owner_guest3,XXXXXXXXXXXX
2021,XXXXXXXXXXXX,XXXXXXXXXXXX,107,8,6,7593,Trey Sermon,RB,1,owner3,XXXXXXXXXXXX
2021,XXXXXXXXXXXX,XXXXXXXXXXXX,108,8,5,6130,Devin Singletary,RB,14,owner6,XXXXXXXXXXXX
2021,XXXXXXXXXXXX,XXXXXXXXXXXX,109,8,4,7525,DeVonta Smith,WR,9,owner11,XXXXXXXXXXXX
2021,XXXXXXXXXXXX,XXXXXXXXXXXX,110,8,3,6814,Laviska Shenault,WR,10,owner_guest2,XXXXXXXXXXXX
2021,XXXXXXXXXXXX,XXXXXXXXXXXX,111,8,2,24,Matt Ryan,QB,1,owner3,XXXXXXXXXXXX
2021,XXXXXXXXXXXX,XXXXXXXXXXXX,112,8,1,1476,Latavius Murray,RB,13,owner7,XXXXXXXXXXXX
2021,XXXXXXXXXXXX,XXXXXXXXXXXX,113,9,1,7526,Jaylen Waddle,WR,13,owner7,XXXXXXXXXXXX
2021,XXXXXXXXXXXX,XXXXXXXXXXXX,114,9,2,6819,Michael Pittman,WR,3,owner10,XXXXXXXXXXXX
2021,XXXXXXXXXXXX,XXXXXXXXXXXX,115,9,3,4036,Corey Davis,WR,10,owner_guest2,XXXXXXXXXXXX
2021,XXXXXXXXXXXX,XXXXXXXXXXXX,116,9,4,3271,Tyler Higbee,TE,1,owner3,XXXXXXXXXXXX
2021,XXXXXXXXXXXX,XXXXXXXXXXXX,117,9,5,2319,DeVante Parker,WR,14,owner6,XXXXXXXXXXXX
2021,XXXXXXXXXXXX,XXXXXXXXXXXX,118,9,6,4068,Mike Williams,WR,9,owner11,XXXXXXXXXXXX
2021,XXXXXXXXXXXX,XXXXXXXXXXXX,119,9,7,7607,Michael Carter,RB,6,owner_guest3,XXXXXXXXXXXX
2021,XXXXXXXXXXXX,XXXXXXXXXXXX,120,9,8,5170,Phillip Lindsay,RB,2,owner8,XXXXXXXXXXXX
2021,XXXXXXXXXXXX,XXXXXXXXXXXX,121,9,9,536,Antonio Brown,WR,5,owner12,XXXXXXXXXXXX
2021,XXXXXXXXXXXX,XXXXXXXXXXXX,122,9,10,5848,Marquise Brown,WR,7,owner5,XXXXXXXXXXXX
2021,XXXXXXXXXXXX,XXXXXXXXXXXX,123,9,11,322,Antonio Gates,TE,12,owner_guest,XXXXXXXXXXXX
2021,XXXXXXXXXXXX,XXXXXXXXXXXX,124,9,12,4082,Curtis Samuel,WR,8,owner9,XXXXXXXXXXXX
2021,XXXXXXXXXXXX,XXXXXXXXXXXX,125,9,13,4227,Harrison Butker,K,11,owner2,XXXXXXXXXXXX
2021,XXXXXXXXXXXX,XXXXXXXXXXXX,126,9,14,5038,Michael Gallup,WR,4,owner1,XXXXXXXXXXXX
2021,XXXXXXXXXXXX,XXXXXXXXXXXX,127,10,14,5917,Mecole Hardman,WR,4,owner1,XXXXXXXXXXXX
2021,XXXXXXXXXXXX,XXXXXXXXXXXX,128,10,13,5967,Tony Pollard,RB,11,owner2,XXXXXXXXXXXX
2021,XXXXXXXXXXXX,XXXXXXXXXXXX,129,10,12,5248,Gus Edwards,RB,8,owner9,XXXXXXXXXXXX
2021,XXXXXXXXXXXX,XXXXXXXXXXXX,130,10,11,4066,Evan Engram,TE,12,owner_guest,XXXXXXXXXXXX
2021,XXXXXXXXXXXX,XXXXXXXXXXXX,131,10,10,1266,Greg Zuerlein,K,7,owner5,XXXXXXXXXXXX
2021,XXXXXXXXXXXX,XXXXXXXXXXXX,132,10,9,1067,Marvin Jones,WR,5,owner12,XXXXXXXXXXXX
2021,XXXXXXXXXXXX,XXXXXXXXXXXX,133,10,8,1110,T.Y. Hilton,WR,2,owner8,XXXXXXXXXXXX
2021,XXXXXXXXXXXX,XXXXXXXXXXXX,134,10,7,6789,Henry Ruggs,WR,6,owner_guest3,XXXXXXXXXXXX
2021,XXXXXXXXXXXX,XXXXXXXXXXXX,135,10,6,5987,Alexander Mattison,RB,9,owner11,XXXXXXXXXXXX
2021,XXXXXXXXXXXX,XXXXXXXXXXXX,136,10,5,3214,Hunter Henry,TE,14,owner6,XXXXXXXXXXXX
2021,XXXXXXXXXXXX,XXXXXXXXXXXX,137,10,4,7523,Trevor Lawrence,QB,1,owner3,XXXXXXXXXXXX
2021,XXXXXXXXXXXX,XXXXXXXXXXXX,138,10,3,515,Rob Gronkowski,TE,10,owner_guest2,XXXXXXXXXXXX
2021,XXXXXXXXXXXX,XXXXXXXXXXXX,139,10,2,3161,Carson Wentz,QB,3,owner10,XXXXXXXXXXXX
2021,XXXXXXXXXXXX,XXXXXXXXXXXX,140,10,1,7591,Justin Fields,QB,13,owner7,XXXXXXXXXXXX
2021,XXXXXXXXXXXX,XXXXXXXXXXXX,141,11,1,4149,Jamaal Williams,RB,13,owner7,XXXXXXXXXXXX
2021,XXXXXXXXXXXX,XXXXXXXXXXXX,142,11,2,6798,Jalen Reagor,WR,3,owner10,XXXXXXXXXXXX
2021,XXXXXXXXXXXX,XXXXXXXXXXXX,143,11,3,4892,Baker Mayfield,QB,10,owner_guest2,XXXXXXXXXXXX
2021,XXXXXXXXXXXX,XXXXXXXXXXXX,144,11,4,2325,Nelson Agholor,WR,9,owner11,XXXXXXXXXXXX
2021,XXXXXXXXXXXX,XXXXXXXXXXXX,145,11,5,TB,NULL,DEF,14,owner6,XXXXXXXXXXXX
2021,XXXXXXXXXXXX,XXXXXXXXXXXX,146,11,6,6989,Marquez Callaway,WR,1,owner3,XXXXXXXXXXXX
2021,XXXXXXXXXXXX,XXXXXXXXXXXX,147,11,7,7088,Xavier Jones,RB,6,owner_guest3,XXXXXXXXXXXX
2021,XXXXXXXXXXXX,XXXXXXXXXXXX,148,11,8,2378,Tevin Coleman,RB,2,owner8,XXXXXXXXXXXX
2021,XXXXXXXXXXXX,XXXXXXXXXXXX,149,11,9,4157,Tarik Cohen,RB,5,owner12,XXXXXXXXXXXX
2021,XXXXXXXXXXXX,XXXXXXXXXXXX,150,11,10,BUF,NULL,DEF,7,owner5,XXXXXXXXXXXX
2021,XXXXXXXXXXXX,XXXXXXXXXXXX,151,11,11,BAL,NULL,DEF,12,owner_guest,XXXXXXXXXXXX
2021,XXXXXXXXXXXX,XXXXXXXXXXXX,152,11,12,WAS,NULL,DEF,8,owner9,XXXXXXXXXXXX
2021,XXXXXXXXXXXX,XXXXXXXXXXXX,153,11,13,LAR,NULL,DEF,11,owner2,XXXXXXXXXXXX
2021,XXXXXXXXXXXX,XXXXXXXXXXXX,154,11,14,7042,Tyler Bass,K,4,owner1,XXXXXXXXXXXX
2021,XXXXXXXXXXXX,XXXXXXXXXXXX,155,12,14,PIT,NULL,DEF,4,owner1,XXXXXXXXXXXX
2021,XXXXXXXXXXXX,XXXXXXXXXXXX,156,12,13,1166,Kirk Cousins,QB,11,owner2,XXXXXXXXXXXX
2021,XXXXXXXXXXXX,XXXXXXXXXXXX,157,12,12,7610,Trey Lance,QB,8,owner9,XXXXXXXXXXXX
2021,XXXXXXXXXXXX,XXXXXXXXXXXX,158,12,11,SF,NULL,DEF,12,owner_guest,XXXXXXXXXXXX
2021,XXXXXXXXXXXX,XXXXXXXXXXXX,159,12,10,2306,Jameis Winston,QB,7,owner5,XXXXXXXXXXXX
2021,XXXXXXXXXXXX,XXXXXXXXXXXX,160,12,9,49,Robbie Gould,K,5,owner12,XXXXXXXXXXXX
2021,XXXXXXXXXXXX,XXXXXXXXXXXX,161,12,8,5119,Jason Sanders,K,2,owner8,XXXXXXXXXXXX
2021,XXXXXXXXXXXX,XXXXXXXXXXXX,162,12,7,CLE,NULL,DEF,6,owner_guest3,XXXXXXXXXXXX
2021,XXXXXXXXXXXX,XXXXXXXXXXXX,163,12,6,NE,NULL,DEF,1,owner3,XXXXXXXXXXXX
2021,XXXXXXXXXXXX,XXXXXXXXXXXX,164,12,5,4144,Jonnu Smith,TE,14,owner6,XXXXXXXXXXXX
2021,XXXXXXXXXXXX,XXXXXXXXXXXX,165,12,4,IND,NULL,DEF,9,owner11,XXXXXXXXXXXX
2021,XXXXXXXXXXXX,XXXXXXXXXXXX,166,12,3,CHI,NULL,DEF,10,owner_guest2,XXXXXXXXXXXX
2021,XXXXXXXXXXXX,XXXXXXXXXXXX,167,12,2,2238,John Brown,WR,3,owner10,XXXXXXXXXXXX
2021,XXXXXXXXXXXX,XXXXXXXXXXXX,168,12,1,NO,NULL,DEF,13,owner7,XXXXXXXXXXXX
2021,XXXXXXXXXXXX,XXXXXXXXXXXX,169,13,1,7062,Rodrigo Blankenship,K,13,owner7,XXXXXXXXXXXX
2021,XXXXXXXXXXXX,XXXXXXXXXXXX,170,13,2,KC,NULL,DEF,3,owner10,XXXXXXXXXXXX
2021,XXXXXXXXXXXX,XXXXXXXXXXXX,171,13,3,2747,Jason Myers,K,10,owner_guest2,XXXXXXXXXXXX
2021,XXXXXXXXXXXX,XXXXXXXXXXXX,172,13,4,7538,Zach Wilson,QB,9,owner11,XXXXXXXXXXXX
2021,XXXXXXXXXXXX,XXXXXXXXXXXX,173,13,5,7090,Darnell Mooney,WR,14,owner6,XXXXXXXXXXXX
2021,XXXXXXXXXXXX,XXXXXXXXXXXX,174,13,6,17,Matt Prater,K,1,owner3,XXXXXXXXXXXX
2021,XXXXXXXXXXXX,XXXXXXXXXXXX,175,13,7,6869,Adam Trautman,TE,6,owner_guest3,XXXXXXXXXXXX
2021,XXXXXXXXXXXX,XXXXXXXXXXXX,176,13,8,DEN,NULL,DEF,2,owner8,XXXXXXXXXXXX
2021,XXXXXXXXXXXX,XXXXXXXXXXXX,177,13,9,830,A.J. Green,WR,5,owner12,XXXXXXXXXXXX
2021,XXXXXXXXXXXX,XXXXXXXXXXXX,178,13,10,3202,Austin Hooper,TE,7,owner5,XXXXXXXXXXXX
2021,XXXXXXXXXXXX,XXXXXXXXXXXX,179,13,11,391,Ryan Succop,K,12,owner_guest,XXXXXXXXXXXX
2021,XXXXXXXXXXXX,XXXXXXXXXXXX,180,13,12,367,Jared Cook,TE,8,owner9,XXXXXXXXXXXX
2021,XXXXXXXXXXXX,XXXXXXXXXXXX,181,13,13,4152,Marlon Mack,RB,11,owner2,XXXXXXXXXXXX
2021,XXXXXXXXXXXX,XXXXXXXXXXXX,182,13,14,2583,Tyrell Williams,WR,4,owner1,XXXXXXXXXXXX
2021,XXXXXXXXXXXX,XXXXXXXXXXXX,183,14,14,3664,J.D. McKissic,RB,4,owner1,XXXXXXXXXXXX
2021,XXXXXXXXXXXX,XXXXXXXXXXXX,184,14,13,7571,Rashod Bateman,WR,11,owner2,XXXXXXXXXXXX
2021,XXXXXXXXXXXX,XXXXXXXXXXXX,185,14,12,4985,Rashaad Penny,RB,8,owner9,XXXXXXXXXXXX
2021,XXXXXXXXXXXX,XXXXXXXXXXXX,186,14,11,7594,Chuba Hubbard,RB,12,owner_guest,XXXXXXXXXXXX
2021,XXXXXXXXXXXX,XXXXXXXXXXXX,187,14,10,1144,Cole Beasley,WR,7,owner5,XXXXXXXXXXXX
2021,XXXXXXXXXXXX,XXXXXXXXXXXX,188,14,9,GB,NULL,DEF,5,owner12,XXXXXXXXXXXX
2021,XXXXXXXXXXXX,XXXXXXXXXXXX,189,14,8,2028,Derek Carr,QB,2,owner8,XXXXXXXXXXXX
2021,XXXXXXXXXXXX,XXXXXXXXXXXX,190,14,7,5110,Russell Gage,WR,6,owner_guest3,XXXXXXXXXXXX
2021,XXXXXXXXXXXX,XXXXXXXXXXXX,191,14,6,4017,Deshaun Watson,QB,1,owner3,XXXXXXXXXXXX
2021,XXXXXXXXXXXX,XXXXXXXXXXXX,192,14,5,333,Ryan Fitzpatrick,QB,14,owner6,XXXXXXXXXXXX
2021,XXXXXXXXXXXX,XXXXXXXXXXXX,193,14,4,7611,Rhamondre Stevenson,RB,9,owner11,XXXXXXXXXXXX
2021,XXXXXXXXXXXX,XXXXXXXXXXXX,194,14,3,5026,Tre'Quan Smith,WR,10,owner_guest2,XXXXXXXXXXXX
2021,XXXXXXXXXXXX,XXXXXXXXXXXX,195,14,2,59,Mason Crosby,K,3,owner10,XXXXXXXXXXXX
2021,XXXXXXXXXXXX,XXXXXXXXXXXX,196,14,1,MIA,NULL,DEF,13,owner7,XXXXXXXXXXXX
